-- MySQL dump 10.13  Distrib 8.0.27, for Win64 (x86_64)
--
-- Host: localhost    Database: bank3
-- ------------------------------------------------------
-- Server version	8.0.27

/*!40101 SET @OLD_CHARACTER_SET_CLIENT=@@CHARACTER_SET_CLIENT */;
/*!40101 SET @OLD_CHARACTER_SET_RESULTS=@@CHARACTER_SET_RESULTS */;
/*!40101 SET @OLD_COLLATION_CONNECTION=@@COLLATION_CONNECTION */;
/*!50503 SET NAMES utf8 */;
/*!40103 SET @OLD_TIME_ZONE=@@TIME_ZONE */;
/*!40103 SET TIME_ZONE='+00:00' */;
/*!40014 SET @OLD_UNIQUE_CHECKS=@@UNIQUE_CHECKS, UNIQUE_CHECKS=0 */;
/*!40014 SET @OLD_FOREIGN_KEY_CHECKS=@@FOREIGN_KEY_CHECKS, FOREIGN_KEY_CHECKS=0 */;
/*!40101 SET @OLD_SQL_MODE=@@SQL_MODE, SQL_MODE='NO_AUTO_VALUE_ON_ZERO' */;
/*!40111 SET @OLD_SQL_NOTES=@@SQL_NOTES, SQL_NOTES=0 */;

--
-- Table structure for table `branch`
--

DROP TABLE IF EXISTS `branch`;
/*!40101 SET @saved_cs_client     = @@character_set_client */;
/*!50503 SET character_set_client = utf8mb4 */;
CREATE TABLE `branch` (
  `BRANCH_NO` int NOT NULL,
  `NAME` varchar(45) NOT NULL,
  `CITY` varchar(45) NOT NULL,
  PRIMARY KEY (`BRANCH_NO`)
) ENGINE=InnoDB DEFAULT CHARSET=utf8mb4 COLLATE=utf8mb4_0900_ai_ci;
/*!40101 SET character_set_client = @saved_cs_client */;

--
-- Dumping data for table `branch`
--

LOCK TABLES `branch` WRITE;
/*!40000 ALTER TABLE `branch` DISABLE KEYS */;
INSERT INTO `branch` VALUES (593,'Begas','Jaipur'),(7120,'Haora','Kolkata'),(10312,'Ambapur','Ahemdabad'),(10981,'Gurliya','Jaipur'),(11127,'Amiyapur','Ahemdabad'),(11146,'Alandur','Chennai'),(11366,'Aritar','Gangtok'),(16773,'Colaba','Mumbai'),(17745,'Deccan','Pune'),(18239,'Karchhana','Prayagraj'),(20008,'Begur','Banglore'),(20303,'Maheshthala','Kolkata'),(20362,'Dwarka','Delhi'),(21157,'Vasant Vihar','Delhi'),(21530,'Okhla','Delhi'),(26568,'Andheri','Mumbai'),(27304,'Mallapur','Hyderabad'),(28176,'Rishra','Kolkata'),(31102,'Dasananpura','Banglore'),(34112,'Benti','Lucknow'),(35899,'Shamshabad','Hyderabad'),(36370,'Bhatpara','Kolkata'),(37892,'Goregaon','Mumbai'),(45121,'Adampur Indwara','Lucknow'),(48708,'Delhi Cantt','Delhi'),(49844,'Ballly','Kolkata'),(50982,'Habsiguda','Hyderabad'),(52448,'Anora','Lucknow'),(53442,'Janakpuri','Delhi'),(54462,'Dhankya','Jaipur'),(55659,'Baseri','Jaipur'),(56442,'Chikkajala','Ahemdabad'),(58542,'Tambaram','Chennai'),(65063,'Dara','Srinagar'),(66534,'Gachibowli','Hyderabad'),(70030,'Berkhedi','Bhopal'),(77083,'Barrichheer Kheda','Bhopal'),(77491,'Abdal','Amritsar'),(78267,'Bandra','Mumbai'),(78841,'Bagalur','Banglore'),(79004,'Rohini','Delhi'),(79489,'Balloopura','Jaipur'),(80320,'Bhakwaha','Bhopal'),(80784,'Darwaji','Bhopal'),(84267,'Begam Khedi','Indore'),(86509,'Gadenahalli','Banglore'),(88222,'Pallavaram','Chennai'),(88866,'Tilak Nagar','Delhi'),(97612,'Alinagar','Lucknow'),(97732,'Adyali','Nagpur');
/*!40000 ALTER TABLE `branch` ENABLE KEYS */;
UNLOCK TABLES;

--
-- Table structure for table `credit_card`
--

DROP TABLE IF EXISTS `credit_card`;
/*!40101 SET @saved_cs_client     = @@character_set_client */;
/*!50503 SET character_set_client = utf8mb4 */;
CREATE TABLE `credit_card` (
  `CARD_NO` bigint NOT NULL,
  `CARD_TYPE` varchar(45) NOT NULL,
  `EXPIRY` date NOT NULL,
  `CVV` int NOT NULL,
  `ACC_NO` bigint NOT NULL,
  PRIMARY KEY (`CARD_NO`),
  KEY `CREDIT_ACC_NO_idx` (`ACC_NO`),
  CONSTRAINT `CRED_ACC_NO` FOREIGN KEY (`ACC_NO`) REFERENCES `customer` (`ACC_NO`)
) ENGINE=InnoDB DEFAULT CHARSET=utf8mb4 COLLATE=utf8mb4_0900_ai_ci;
/*!40101 SET character_set_client = @saved_cs_client */;

--
-- Dumping data for table `credit_card`
--

LOCK TABLES `credit_card` WRITE;
/*!40000 ALTER TABLE `credit_card` DISABLE KEYS */;
/*!40000 ALTER TABLE `credit_card` ENABLE KEYS */;
UNLOCK TABLES;

--
-- Table structure for table `credit_info`
--

DROP TABLE IF EXISTS `credit_info`;
/*!40101 SET @saved_cs_client     = @@character_set_client */;
/*!50503 SET character_set_client = utf8mb4 */;
CREATE TABLE `credit_info` (
  `TRANSACTION_ID` bigint NOT NULL,
  `AMOUNT` int NOT NULL,
  `DATE` date NOT NULL,
  `CREDIT_TO` bigint NOT NULL,
  PRIMARY KEY (`TRANSACTION_ID`),
  KEY `CREDIT_FROM_idx` (`CREDIT_TO`),
  CONSTRAINT `CREDIT_TO` FOREIGN KEY (`CREDIT_TO`) REFERENCES `transaction_hist` (`CREDIT_TO`)
) ENGINE=InnoDB DEFAULT CHARSET=utf8mb4 COLLATE=utf8mb4_0900_ai_ci;
/*!40101 SET character_set_client = @saved_cs_client */;

--
-- Dumping data for table `credit_info`
--

LOCK TABLES `credit_info` WRITE;
/*!40000 ALTER TABLE `credit_info` DISABLE KEYS */;
INSERT INTO `credit_info` VALUES (10001449,58623,'2020-01-25',4698183),(10043959,386828,'2021-05-21',4183447),(10200783,655420,'2020-06-11',8904857),(10222623,801085,'2021-02-22',4841085),(10261071,378755,'2022-04-15',5678611),(10426640,111619,'2020-01-18',7726797),(10436195,492782,'2022-03-28',675058),(10562378,303848,'2020-02-08',7337255),(10656119,928360,'2021-01-07',4042524),(10674537,820938,'2020-12-11',3571746),(10694778,943503,'2019-07-20',1595198),(10748935,378517,'2020-03-22',6514593),(11143610,328708,'2020-06-25',2738600),(11191625,509229,'2021-09-13',8586319),(11249963,847672,'2021-08-19',1838432),(11293136,843338,'2020-10-23',12087),(11350505,508525,'2019-06-17',5021287),(11390751,442316,'2020-05-07',3429430),(11457905,692792,'2019-07-23',1854551),(11464605,866949,'2021-05-31',6514593),(11483156,292015,'2022-04-14',1318866),(11513924,952615,'2019-07-17',3571746),(11592437,779342,'2020-12-10',4239823),(11780237,395392,'2022-01-21',8440442),(11792621,888057,'2019-05-18',8235692),(11936054,476263,'2019-11-05',565829),(11942323,821531,'2021-08-25',1595198),(11998912,80777,'2019-10-05',5678611),(12067471,449303,'2022-03-05',4650177),(12090631,132739,'2019-11-04',2269432),(12091236,208765,'2020-12-03',1644944),(12213531,262596,'2021-03-08',7595690),(12223772,444150,'2021-07-27',2269432),(12255603,399372,'2021-07-10',1962515),(12500899,820431,'2022-03-02',1595198),(12542425,513791,'2022-04-16',2317027),(12715423,764368,'2019-05-20',1776525),(12783813,521815,'2019-08-31',565829),(12918930,810890,'2020-10-26',8625069),(12993685,265139,'2019-11-30',5230806),(13002836,337394,'2021-08-04',3378113),(13070892,816814,'2022-03-23',5586888),(13150797,696203,'2021-02-06',4487735),(13194639,23002,'2020-05-25',8440442),(13273220,737918,'2021-10-18',4029152),(13423382,955424,'2020-03-29',1884729),(13492043,714302,'2021-01-16',2237180),(13525722,13365,'2021-01-08',1315743),(13572883,876654,'2020-02-05',3378113),(13654897,934024,'2022-03-29',3993336),(13668050,251484,'2020-12-09',8050986),(13739501,850042,'2020-01-06',1758946),(13879940,860895,'2022-04-25',1959606),(14021438,320886,'2021-01-02',2751941),(14048008,767130,'2020-06-24',4305734),(14104182,579749,'2021-08-26',1837923),(14146064,76010,'2021-08-17',6680960),(14302936,712700,'2022-03-04',7026499),(14354089,562267,'2020-10-21',8056235),(14422253,81520,'2021-10-30',7017139),(14498520,755534,'2020-05-20',1737753),(14647066,705817,'2021-11-28',4192413),(14658237,220647,'2020-02-03',3145998),(14664353,356143,'2020-12-04',3246227),(14689012,717033,'2021-03-26',4706604),(14690553,243947,'2020-03-29',637026),(14828058,762110,'2019-10-11',4760410),(14987947,881657,'2019-10-24',2575377),(15105288,707068,'2021-05-14',7376796),(15159257,272366,'2020-04-28',2424723),(15200948,976220,'2021-06-14',5586888),(15228711,359850,'2020-01-21',7337255),(15295065,406171,'2020-06-22',7518758),(15440900,332922,'2019-09-03',3981433),(15602342,312426,'2021-06-02',7708219),(15622224,472734,'2020-12-19',9908101),(15640344,236567,'2020-06-13',5586888),(15711179,111478,'2019-12-04',1838432),(15998533,512368,'2021-01-09',6680960),(16011371,437231,'2020-05-16',5021287),(16194374,227085,'2021-11-08',2293622),(16308755,939223,'2019-11-23',7349834),(16347696,15154,'2021-06-30',1661821),(16438007,247144,'2021-07-14',7026499),(16468596,397438,'2020-02-29',8690784),(16499802,168583,'2022-02-26',8690784),(16522402,104221,'2019-05-13',8586319),(16571730,594228,'2021-11-21',4415539),(16731002,882786,'2020-08-07',1776525),(16816212,312647,'2019-11-03',1918206),(16861292,112830,'2019-09-06',3571746),(17175014,393024,'2021-02-15',8586319),(17225045,652063,'2019-05-22',3401158),(17252721,633665,'2021-10-09',1644944),(17325646,907421,'2021-07-11',1918206),(17337600,696779,'2020-05-28',1684156),(17352077,379858,'2022-03-09',5782092),(17534354,529176,'2019-12-22',4016505),(17548245,870286,'2021-01-02',1776525),(17730939,104245,'2020-07-02',7376796),(17973631,63356,'2019-05-05',9712150),(18027427,490157,'2019-06-10',2918843),(18052963,869578,'2020-06-25',2178185),(18158861,316809,'2021-03-17',6575388),(18290898,584606,'2021-08-01',1841375),(18410347,33605,'2020-07-26',1590099),(18449442,431529,'2020-02-13',1661821),(18655542,57556,'2020-02-21',1403038),(18782773,426096,'2020-09-09',6481419),(18860586,41986,'2020-09-23',5230806),(18977564,71169,'2019-06-12',1758946),(19217961,886522,'2021-12-31',3983212),(19376338,600985,'2020-06-26',8139971),(19444354,478168,'2020-08-16',1661821),(19487273,290464,'2021-02-04',7780684),(19515443,517814,'2019-11-13',2262445),(19564152,818576,'2020-04-27',7337255),(19686502,908379,'2020-11-25',9757038),(19852394,552745,'2019-10-14',9712150),(19859436,506201,'2019-12-17',9866636),(19886010,557728,'2021-09-02',9808204),(20019553,412910,'2019-09-04',2932522),(20027996,595716,'2021-11-05',9757038),(20136954,266838,'2020-06-12',1838432),(20443376,338916,'2020-01-08',1564742),(20507499,76696,'2020-08-13',7376796),(20540126,224639,'2021-12-04',3246227),(20628650,618457,'2021-03-03',492305),(20681421,678558,'2020-03-29',7851233),(20775012,224779,'2020-05-11',1959606),(20855052,554478,'2021-10-25',7017139),(20906859,856452,'2020-10-08',7150330),(21051884,304051,'2021-05-25',7129957),(21080360,592734,'2021-02-26',1564742),(21202406,101092,'2020-12-23',1258930),(21254676,717533,'2019-05-22',8477054),(21700234,94788,'2020-12-29',3660685),(21731228,64537,'2020-11-26',3993336),(21810730,49547,'2022-04-23',8077161),(21861109,939092,'2020-10-06',5152699),(21956200,78405,'2020-12-11',3330896),(21998853,969196,'2021-06-22',1841375),(22228470,590103,'2021-05-05',1962515),(22246729,949953,'2021-07-28',69443),(22389509,990336,'2021-04-21',1838432),(22392524,822604,'2019-08-06',5269988),(22532526,873965,'2021-09-21',7396297),(22589549,517558,'2020-09-06',5232918),(22670989,642893,'2022-03-01',6680960),(22880978,640588,'2021-01-31',4016505),(22888954,696374,'2022-03-10',9229157),(22896732,911110,'2019-10-06',1318866),(22940781,286646,'2019-12-09',69443),(22951832,723895,'2022-04-22',6369571),(23088609,610869,'2020-05-21',9326982),(23145228,785698,'2021-08-12',6575388),(23232440,592372,'2021-01-17',5782092),(23505297,997063,'2019-08-24',9863397),(23923108,309308,'2020-10-21',1271952),(23961030,695476,'2020-05-04',151755),(24007743,553479,'2020-09-10',7150330),(24027305,661585,'2020-04-25',1258930),(24190896,328043,'2020-12-24',3394107),(24420972,628774,'2022-04-23',4415539),(24498959,784778,'2019-07-28',3378113),(24516829,859565,'2021-12-11',1884729),(24575395,47892,'2019-12-08',3330896),(24601069,499252,'2020-08-20',1776525),(24617050,378341,'2020-11-03',2411215),(24655058,474062,'2021-05-17',5678611),(24744667,756451,'2021-11-30',4469011),(24909723,118124,'2021-02-21',6692293),(24932794,701892,'2022-02-20',5152699),(24936467,321288,'2021-09-04',7702711),(24972537,713259,'2022-03-04',9229157),(24982341,903653,'2020-03-08',7017139),(25083521,963758,'2021-09-30',3098710),(25093813,478230,'2021-04-19',7129957),(25292063,15735,'2021-09-21',7026499),(25415307,355885,'2020-03-19',1685359),(25432804,921242,'2022-01-10',6680960),(25440025,435271,'2021-12-05',4402328),(25532634,443533,'2021-08-19',8056235),(25567528,642970,'2021-09-22',1258930),(25727286,457344,'2019-09-13',2237180),(25820393,772486,'2020-03-19',675058),(25840242,267795,'2020-12-26',9808204),(25925008,238397,'2020-01-05',610572),(25956244,832558,'2022-01-29',1318866),(26123620,325040,'2021-11-13',5043493),(26269495,482183,'2020-03-21',5043493),(26358088,802036,'2019-07-08',381079),(26405704,565858,'2019-05-09',2424723),(26411264,574482,'2020-11-23',9908101),(26577000,594615,'2021-03-14',9160072),(26579544,578730,'2021-09-29',610572),(26597876,934775,'2021-01-14',1854551),(26675705,907307,'2019-11-09',9336993),(26786288,356162,'2020-01-17',2293622),(26836751,298175,'2020-07-28',7780684),(27034501,308402,'2021-04-05',3660685),(27155015,505702,'2022-02-28',5678611),(27365823,514157,'2021-03-26',1737753),(27377880,111089,'2020-04-07',610572),(27482561,472566,'2019-07-27',4029152),(27507523,180960,'2020-07-31',9058587),(27697640,44862,'2019-09-04',1959535),(27842267,772357,'2021-01-23',2751941),(28018204,890384,'2021-08-28',1737753),(28121801,223886,'2020-04-03',5269988),(28230808,918421,'2020-12-15',7780684),(28268200,921470,'2022-03-03',2932522),(28420578,803594,'2021-08-15',1590099),(28704747,658018,'2020-02-25',1841375),(28916277,818697,'2020-08-24',5037050),(28970142,853214,'2020-12-24',2738600),(29005436,482904,'2021-09-23',2588180),(29093140,323578,'2021-09-19',9712150),(29150684,261311,'2021-06-11',9941737),(29237248,777230,'2019-10-04',3098710),(29268651,526595,'2021-02-02',5782092),(29463050,2608,'2021-02-03',7780684),(29487840,442757,'2021-02-05',178546),(29694266,877148,'2019-12-10',1959606),(29708412,251501,'2021-07-12',1758946),(29766931,447042,'2022-02-01',9808204),(29834157,168757,'2022-02-13',7349834),(29969945,106780,'2019-12-29',9712150),(30027633,247372,'2019-05-12',7867915),(30083417,369871,'2021-06-21',3052316),(30101727,878533,'2021-04-18',4402328),(30171554,294485,'2021-07-17',5269988),(30318204,911961,'2020-12-19',1737753),(30349828,615761,'2022-03-29',492305),(30550180,586687,'2019-08-29',7396297),(30588425,621164,'2020-11-04',7350554),(30606886,260192,'2020-06-07',8139971),(30690530,17621,'2019-09-17',1944969),(30741230,945804,'2022-01-17',9389880),(30746613,791338,'2019-04-26',3571746),(30757561,788358,'2019-07-27',3378113),(30767270,637377,'2021-09-18',2237180),(30817944,942236,'2020-02-12',3981433),(30882169,339011,'2019-07-03',4841085),(30991948,209736,'2019-06-20',9908101),(30993459,982903,'2019-08-06',6275829),(31070584,591639,'2019-06-22',2317027),(31115137,696370,'2021-11-29',4760410),(31169993,646593,'2022-02-20',6159432),(31189189,297315,'2020-03-09',2575377),(31217282,894727,'2022-02-08',9619754),(31383396,148859,'2019-12-13',3246227),(31431035,701319,'2020-10-02',8434318),(31514661,93371,'2020-11-19',7518758),(31645260,597385,'2020-06-26',3936276),(31790813,996812,'2021-08-20',4183447),(31958156,539569,'2021-09-12',3429430),(31965423,895971,'2021-07-27',3330896),(31977307,144430,'2020-07-30',9336993),(32062121,337512,'2020-10-01',4760410),(32142905,818898,'2020-09-15',5152699),(32223083,505110,'2019-10-31',9751785),(32400934,784072,'2020-08-12',1250912),(32403988,508216,'2021-02-01',3394107),(32435033,770819,'2021-05-24',4532529),(32563781,955731,'2021-03-03',3902920),(32643972,476738,'2020-11-16',8332507),(32909006,346023,'2021-12-29',2293622),(32936408,659386,'2021-11-06',2424723),(32962709,123622,'2020-04-10',1318866),(33047354,206503,'2021-09-17',1837923),(33093007,277018,'2021-08-30',1573909),(33269670,811963,'2019-08-27',3993336),(33711880,282545,'2020-08-03',8608580),(33774530,419605,'2019-11-12',9229157),(34074410,400851,'2021-02-26',1271952),(34167330,385255,'2020-12-07',1379726),(34409690,113953,'2022-03-09',1271952),(34451690,41606,'2020-05-28',3330896),(34548407,422586,'2019-12-07',7644234),(34805228,633895,'2019-10-25',2803334),(34952141,948747,'2019-07-12',4016505),(35053609,190182,'2020-12-13',8077161),(35142841,953196,'2019-06-09',5037050),(35229471,92756,'2021-11-15',7518758),(35306455,314830,'2021-07-15',2262445),(35551887,491515,'2022-02-04',9562009),(35622032,593765,'2020-08-14',3146676),(35709828,897493,'2019-06-05',9941737),(35727531,270178,'2020-09-19',9941737),(35759455,279900,'2019-11-22',9160072),(35770183,867286,'2020-07-16',9839959),(35794187,744735,'2020-07-28',3983212),(35808911,987215,'2020-06-12',3145998),(35874210,780184,'2019-11-16',6159432),(35920066,377787,'2019-06-06',3660685),(35926084,97183,'2019-11-18',9751785),(36039192,206566,'2021-05-07',8145228),(36108858,197499,'2021-01-21',2918843),(36256877,407887,'2021-03-31',4469011),(36257067,327255,'2019-10-25',2932522),(36441760,583069,'2021-06-13',9058587),(36484213,84332,'2021-12-20',844210),(36520518,301043,'2020-07-07',8440442),(36596607,939291,'2020-12-01',2918843),(36610110,738912,'2020-02-23',2803334),(36621748,656610,'2019-11-30',3902920),(36717092,102800,'2019-08-23',1854551),(36893235,880736,'2021-02-18',3401158),(37171671,282734,'2021-10-19',7017139),(37237505,573389,'2022-01-06',6275829),(37320644,869707,'2021-08-10',8904857),(37381477,919042,'2020-07-18',8904857),(37648032,362174,'2022-04-01',8145228),(37670070,568327,'2019-07-30',1758946),(37709356,465060,'2020-12-26',1944969),(37896554,803946,'2019-11-14',6342025),(37929379,177260,'2022-01-14',1758946),(38003869,822776,'2021-08-20',5152699),(38040396,741525,'2020-10-29',179696),(38257570,448723,'2021-04-01',7922246),(38551850,528714,'2020-12-15',565829),(38954900,165847,'2019-07-17',3918139),(38979350,487721,'2019-12-05',8139971),(39008237,545408,'2019-06-21',8608580),(39058046,660913,'2021-03-19',7922246),(39189257,651496,'2021-12-17',5230806),(39232430,800440,'2020-08-28',1685359),(39288965,361623,'2021-01-24',4469011),(39292550,845824,'2021-03-22',7239570),(39318848,69892,'2020-09-02',2738600),(39385855,743028,'2022-01-21',1837923),(39524236,981582,'2021-01-01',9058587),(39561921,544145,'2021-05-17',2069523),(39573090,330861,'2021-09-14',7150330),(39647783,907687,'2020-08-25',1918206),(39725953,726496,'2020-12-08',1854551),(39854797,818323,'2020-12-05',6680960),(39878434,704682,'2021-10-20',4848230),(39903471,106583,'2020-09-27',3429430),(40043507,793215,'2022-04-24',8050986),(40096380,247424,'2021-07-19',4029152),(40146939,270410,'2019-06-16',7239570),(40152948,538475,'2020-07-06',4487735),(40165473,471719,'2019-06-06',7717512),(40185493,641613,'2021-11-26',4415539),(40266552,938370,'2021-01-25',6135005),(40442291,247873,'2020-12-11',3378113),(40656900,80108,'2020-10-24',7702711),(40688977,229883,'2020-04-19',4124029),(40697956,211468,'2021-06-12',4650177),(40874479,267333,'2020-01-04',9619754),(40877597,818480,'2020-07-06',3246227),(40970522,660691,'2021-01-01',2178185),(41123696,964987,'2020-08-05',7198077),(41158441,920703,'2020-10-12',7726797),(41434410,530718,'2021-06-10',2286618),(41486405,460449,'2019-09-16',8332507),(41529810,844280,'2019-05-18',8625069),(41591301,490778,'2021-12-03',5264339),(41755901,940822,'2019-12-05',8690784),(41923679,169349,'2019-05-18',4469011),(41938103,1572,'2022-01-01',1685359),(42059817,697764,'2020-01-22',8332507),(42065376,266865,'2019-07-11',1564742),(42242610,846490,'2021-07-10',4482847),(42308945,578965,'2021-02-20',7582719),(42466974,23160,'2020-05-01',3918139),(42580565,84582,'2020-11-07',3902920),(42645756,37708,'2020-01-23',7376796),(42730009,622008,'2021-10-03',4848230),(42738119,317647,'2019-10-16',7017139),(42793052,168890,'2020-06-21',1838432),(42839576,718153,'2020-07-03',2588180),(43037074,534837,'2019-06-22',5678611),(43083918,22190,'2020-10-28',9863397),(43311576,270492,'2020-05-16',6514593),(43373802,695220,'2020-12-04',3401158),(43524802,434661,'2021-12-02',508439),(43564603,673064,'2020-04-04',12087),(43598570,884574,'2019-05-08',2918843),(43712587,476229,'2021-04-22',8473841),(43725464,325553,'2021-12-15',1841375),(43852762,806465,'2021-06-03',637026),(43882849,250686,'2019-09-19',12087),(43900209,740435,'2022-04-18',4091730),(44221364,903968,'2019-12-22',4469011),(44245701,554194,'2021-11-15',8332507),(44259044,404508,'2022-03-10',1573909),(44534220,103382,'2021-06-11',1929590),(44612641,280364,'2020-02-01',1403038),(44686595,561240,'2020-06-21',6459891),(44833080,819998,'2021-03-06',7129957),(45030860,459418,'2020-09-15',8434318),(45066343,141524,'2021-05-14',7851233),(45430470,34923,'2019-08-14',2293622),(45643753,825435,'2020-11-04',1959606),(45711219,818370,'2022-02-13',4760410),(45741082,268610,'2021-04-22',1684156),(45952754,711967,'2020-07-20',3098710),(45985730,447368,'2020-05-02',4532529),(45993129,939579,'2020-05-11',3330896),(46059452,270262,'2021-06-23',6860552),(46183763,336061,'2021-11-14',381079),(46193363,497693,'2019-09-15',5269988),(46273603,300529,'2020-01-03',2318464),(46325296,683570,'2019-08-23',8434318),(46367717,347559,'2021-09-26',9839959),(46373517,664405,'2022-03-30',6860552),(46435411,777533,'2021-08-15',2803334),(46594826,923635,'2022-01-16',1684156),(46663944,934233,'2021-12-03',6680960),(46797274,72166,'2020-12-29',565829),(46909930,392241,'2020-02-04',7198077),(46926308,706505,'2021-04-24',3993336),(46957727,40115,'2019-08-02',1661821),(47058184,469542,'2020-09-23',1315743),(47067495,468770,'2021-03-27',3918139),(47069178,756581,'2020-08-26',9751785),(47135308,351778,'2019-06-02',2751941),(47227528,570668,'2022-03-02',4016505),(47397963,310090,'2020-03-27',1959535),(47476528,43011,'2021-09-25',2318464),(47502899,807064,'2020-07-02',2892243),(47546096,287021,'2021-06-09',2588180),(47783369,493250,'2019-05-27',8473841),(47882837,791799,'2019-05-13',2751941),(48057191,948347,'2020-05-31',5232918),(48063768,570221,'2021-09-09',4091730),(48115029,386787,'2020-02-07',7239570),(48310654,334104,'2019-06-11',5279276),(48318501,770751,'2019-05-08',9866636),(48386848,798604,'2020-09-15',7851233),(48575095,125279,'2019-11-06',7644234),(48599568,878749,'2021-11-22',5232918),(48767443,448356,'2019-10-16',9808204),(48774896,316507,'2021-03-15',6692293),(48847348,760740,'2019-10-03',7922246),(48901739,839738,'2019-12-10',995566),(49020245,774802,'2019-12-19',8434318),(49083129,8577,'2021-04-08',2588180),(49225564,652832,'2020-07-09',9941737),(49234503,127866,'2020-02-17',1023241),(49243608,800141,'2021-04-22',9839959),(49319261,535559,'2020-11-22',1315743),(49321000,55648,'2020-10-20',844210),(49323448,739400,'2021-06-05',2803334),(49383813,191536,'2021-11-23',8608580),(49405316,707907,'2020-10-07',3378113),(49502290,969848,'2020-04-24',1379726),(49696348,917344,'2021-01-22',1918206),(49808445,945092,'2021-08-23',6369571),(50328187,851287,'2022-02-14',3053309),(50820748,853843,'2020-02-24',6692293),(50982914,131776,'2021-08-08',7385746),(50994287,114122,'2020-09-30',8077161),(51099141,770866,'2021-09-08',4183447),(51170646,786175,'2021-03-22',9058587),(51277945,587577,'2020-10-09',9389880),(51358320,260021,'2021-01-13',7017139),(51395239,796389,'2019-10-12',7717512),(51637114,243186,'2019-11-01',1271952),(51722910,720712,'2021-04-10',4305734),(51730689,407637,'2021-08-06',151755),(52028219,9043,'2019-07-30',1962515),(52099803,98590,'2019-05-11',3981433),(52284264,750144,'2021-05-21',7026499),(52316672,219917,'2020-10-11',4698183),(52421175,325377,'2019-12-10',8050986),(52450287,895190,'2019-12-26',508439),(52494530,234659,'2020-02-25',8904857),(52564726,568896,'2019-09-20',9619754),(52650889,917050,'2021-02-19',1884729),(52654929,357892,'2022-01-23',5269988),(52724470,802248,'2021-08-28',1841375),(52901436,558063,'2021-06-21',1590099),(52919792,503232,'2021-05-10',8625069),(52994011,307727,'2020-03-08',5678611),(53070952,537241,'2019-05-09',178546),(53263797,836375,'2019-12-21',1837923),(53368952,71227,'2022-01-25',1899171),(53423484,864828,'2021-09-13',1271952),(53516357,158124,'2020-01-31',4532529),(53609022,999265,'2020-08-20',4482847),(53611477,812987,'2020-09-26',8586319),(53659234,634474,'2020-10-05',844210),(53772249,992819,'2020-05-20',2178185),(53866824,548647,'2019-05-02',3936276),(53884084,361114,'2019-10-15',5021287),(53937702,496989,'2019-09-18',3098710),(54003848,237703,'2020-03-01',7867915),(54159543,475003,'2020-09-22',7198077),(54337833,918810,'2021-12-15',8608580),(54355438,820253,'2020-02-29',1573909),(54377850,731118,'2021-04-14',7518758),(54495953,694474,'2020-04-22',8077161),(54604950,179658,'2019-06-05',1573909),(54792947,528040,'2019-11-17',1929590),(54847479,649655,'2020-01-07',9160072),(55057696,931834,'2020-04-17',7780684),(55097749,580869,'2020-09-13',5021287),(55115210,665891,'2020-06-08',5230806),(55123492,655754,'2021-04-27',9562009),(55171713,974815,'2021-07-28',8690784),(55189561,299792,'2021-06-03',1318866),(55392556,954067,'2021-02-19',246528),(55438548,610370,'2021-09-28',3429430),(55539855,142490,'2022-03-05',3053309),(55587657,347067,'2020-07-20',1595198),(55736145,519043,'2019-08-21',5179462),(55814727,510075,'2019-06-16',1841375),(56102494,687783,'2020-06-18',2575377),(56156648,340787,'2019-05-02',4706604),(56176652,611047,'2020-04-29',1758946),(56220586,697855,'2021-07-21',4469011),(56269999,992861,'2020-01-06',7376796),(56333692,818859,'2021-04-10',1737753),(56355820,88450,'2020-11-01',844210),(56359277,215470,'2021-03-25',4042524),(56639912,943092,'2020-02-20',2411215),(56658635,320328,'2019-10-24',9058587),(56715733,383378,'2021-10-31',3330896),(56993606,938623,'2021-12-01',1023241),(57087411,990765,'2019-08-07',9773160),(57093984,341274,'2019-07-18',2300567),(57106259,815100,'2019-09-29',1590099),(57139563,946505,'2021-02-16',1737753),(57197766,760135,'2020-03-01',3918139),(57242603,771349,'2021-06-06',5678611),(57407453,381339,'2021-05-27',4016505),(57439447,140762,'2019-09-04',4698183),(57494148,254804,'2019-09-07',5021287),(57501231,336223,'2019-09-26',4029152),(57570443,649754,'2020-02-29',637026),(57608929,350069,'2020-08-05',6369571),(57641131,543617,'2019-08-18',7708219),(57866151,229537,'2020-02-06',9712150),(57898193,989173,'2020-03-20',5179462),(58017029,119898,'2021-10-31',5037050),(58168300,174448,'2019-12-19',8586319),(58196937,631115,'2022-03-12',3052316),(58447971,890337,'2019-11-14',7026499),(58558224,559721,'2019-08-12',4305734),(58683738,890466,'2021-09-03',2318464),(58707318,879140,'2022-04-02',1684156),(58712857,681842,'2022-04-16',1379726),(58833250,212160,'2021-04-20',2293622),(58865953,290234,'2021-01-14',7726797),(58904175,894234,'2021-06-17',7867915),(58925144,486277,'2022-01-21',508439),(59005492,978268,'2020-02-24',9751785),(59181478,74304,'2021-06-08',3098710),(59253951,933139,'2021-04-11',4016505),(59297531,789062,'2021-10-31',1684156),(59448411,479472,'2022-02-21',2069523),(59546389,470573,'2020-01-15',4091730),(59591621,171313,'2020-01-23',2932522),(59719144,132063,'2021-01-01',9417292),(59763741,371357,'2019-12-07',8235692),(59834593,179908,'2022-04-05',5232918),(59894481,542178,'2021-12-14',1684156),(60001305,726995,'2020-11-10',7350554),(60136660,229795,'2022-01-12',9160072),(60278824,452842,'2022-03-10',995566),(60295246,52610,'2020-12-21',3993336),(60295931,988522,'2022-03-13',565829),(60383618,705494,'2021-02-22',610572),(60394935,908365,'2019-06-27',3146676),(60436679,960413,'2019-08-25',1884729),(60440439,837273,'2020-05-20',4841085),(60448012,783470,'2021-03-27',2588180),(60617332,321933,'2020-10-31',2932522),(60680580,419957,'2020-02-07',8745956),(60716751,992173,'2020-05-20',1315743),(60772759,102206,'2022-02-19',2262445),(60834032,51846,'2021-08-12',3429430),(61033966,860275,'2020-09-24',4760410),(61039019,327939,'2020-02-10',9619754),(61148537,268267,'2021-01-11',9712150),(61180342,215393,'2021-10-01',9619754),(61227393,115864,'2019-08-05',8745956),(61271023,207824,'2019-06-26',9326982),(61316991,482731,'2021-07-15',1315743),(61511307,480851,'2022-02-20',8625069),(61519928,798737,'2021-12-17',4760410),(61552052,14174,'2022-03-25',5179462),(61569183,24944,'2021-04-29',5152699),(61572645,181302,'2021-05-20',6159432),(61590132,403270,'2020-03-04',7708219),(61596375,398380,'2021-11-04',1959606),(61602036,304347,'2021-04-18',6481419),(61640150,107050,'2021-08-06',5678611),(61751790,227171,'2019-09-04',8473841),(61865773,417398,'2021-02-23',1271952),(61916856,996496,'2019-08-25',1918206),(61974174,106168,'2020-08-20',9773160),(62107591,739117,'2022-04-19',7376796),(62457018,189250,'2020-03-01',9008549),(62487432,602032,'2019-05-02',9562009),(62614256,837822,'2020-11-26',4706604),(62657035,619941,'2020-02-23',4650177),(62818646,657694,'2021-03-02',6369571),(62820529,503427,'2021-12-23',9336993),(62821412,750024,'2022-04-03',9908101),(62835952,967995,'2021-09-22',995566),(62881447,933823,'2020-05-23',151755),(62981187,203694,'2022-01-05',7350554),(63008359,849160,'2019-09-05',3401158),(63115349,574402,'2019-06-06',3053309),(63153080,24403,'2019-06-09',4239823),(63224097,242533,'2020-09-11',5269988),(63291991,704556,'2021-08-14',1590099),(63388664,300274,'2020-12-18',7595690),(63404364,475884,'2021-08-23',3246227),(63544723,380055,'2020-07-14',1837923),(63592946,240035,'2021-07-30',5037050),(63712500,932522,'2021-06-25',4042524),(63719180,810370,'2021-11-13',6692293),(63785018,911297,'2021-08-12',8145228),(63932839,862433,'2019-05-25',3983212),(63944065,937199,'2021-12-04',3394107),(63983207,636920,'2021-12-13',7867915),(64021174,179925,'2021-11-14',9757038),(64471180,804998,'2020-02-05',6860552),(64479357,997132,'2019-12-18',5232918),(64756103,246590,'2020-02-27',1884729),(64834081,751076,'2019-06-08',6575388),(64846673,556685,'2020-09-20',2294532),(64856203,96608,'2019-11-05',4183447),(65140902,620844,'2020-08-03',4760410),(65142894,981303,'2021-01-09',1918206),(65246514,392835,'2020-03-24',4487735),(65264842,255367,'2022-02-26',9712150),(65304178,279438,'2021-02-25',1776525),(65313277,723336,'2021-09-13',1944969),(65412621,408288,'2020-07-14',8332507),(65474059,182030,'2020-04-21',1661821),(65507521,348645,'2020-10-28',4402328),(65552431,143918,'2020-08-21',7349834),(65688252,385161,'2020-05-11',4415539),(65699923,822052,'2021-03-12',2411215),(65915755,335757,'2020-03-27',9808204),(66114985,198195,'2022-04-18',5152699),(66171794,860156,'2019-06-28',2269432),(66244191,563098,'2019-05-04',3330896),(66293203,190190,'2021-07-02',7717512),(66564997,964561,'2021-12-04',1838432),(66679816,665765,'2020-07-13',7150330),(66784065,327932,'2020-01-25',1959535),(66857764,445741,'2020-09-12',7717512),(66949956,720485,'2021-01-18',8473841),(67094547,345322,'2020-07-05',2588180),(67176315,845480,'2020-03-19',4698183),(67286539,259252,'2021-10-13',675058),(67300870,651718,'2021-06-16',7595690),(67401351,683452,'2021-01-09',1899171),(67696545,186469,'2019-12-20',4841085),(67728870,667710,'2020-04-10',4042524),(67896905,875660,'2021-10-05',9058587),(68076849,375003,'2020-10-13',6459891),(68220789,429483,'2019-12-02',1403038),(68253867,497374,'2021-03-01',995566),(68382745,993024,'2020-08-04',8145228),(68405765,250036,'2021-08-12',4650177),(68444196,393709,'2021-04-29',3146676),(68517286,910695,'2020-09-21',637026),(68576973,216422,'2019-11-21',1403038),(68656105,332362,'2021-09-10',4042524),(68815201,916492,'2021-10-19',6692293),(68918296,861180,'2019-11-22',6135005),(69097430,410703,'2022-01-28',1661821),(69116378,268439,'2020-09-11',3146676),(69210185,327992,'2021-03-10',9008549),(69366090,801681,'2020-06-08',7385746),(69610609,996510,'2021-11-21',2294532),(69613148,402244,'2020-08-19',2317027),(69614773,189853,'2021-06-07',4870480),(69665235,587897,'2020-04-11',7644234),(69800003,935579,'2021-10-20',4841085),(70052284,532215,'2020-12-09',637026),(70305808,700730,'2021-10-25',1595198),(70489136,947801,'2020-12-07',7595690),(70505496,577025,'2019-08-05',3936276),(70528422,101626,'2021-10-21',1379726),(70547219,979005,'2019-10-24',5037050),(70719072,250097,'2021-10-10',7396297),(70814973,470679,'2020-01-14',1644944),(70838181,266718,'2020-05-11',7129957),(70857771,483513,'2019-06-03',2300567),(70985623,964829,'2019-10-10',5232918),(71109534,808737,'2021-09-16',4183447),(71138995,838669,'2021-04-08',3936276),(71257285,281385,'2020-03-06',2300567),(71399904,986898,'2021-11-11',9941737),(71503940,674809,'2021-04-24',7518758),(71514844,292897,'2020-12-05',1644944),(71823049,259540,'2022-02-15',9417292),(71823824,176357,'2020-11-03',390981),(71851302,98142,'2021-02-27',3378113),(71889497,239670,'2021-07-15',2803334),(71903607,643592,'2021-10-06',1644944),(71914808,303312,'2021-08-31',3429430),(71967008,194510,'2021-08-31',8608580),(72252493,719146,'2021-02-05',8050986),(72404044,773942,'2022-03-06',2294532),(72459457,669145,'2021-07-28',4487735),(72517260,782241,'2019-11-03',1661821),(72681537,475474,'2020-03-14',1897811),(72682164,294848,'2020-07-27',1962515),(72767330,689090,'2021-07-11',179696),(72837374,750698,'2021-02-09',5230806),(72924518,143361,'2019-04-28',6275829),(73025721,369960,'2019-10-21',1929590),(73035920,512469,'2020-07-08',8056235),(73095011,662152,'2019-11-15',7595690),(73170616,699257,'2021-03-10',9619754),(73179900,263491,'2021-03-20',9773160),(73331684,539830,'2020-04-22',7017139),(73398813,492601,'2020-03-27',8904857),(73412105,831820,'2020-01-25',3394107),(73552074,526366,'2021-10-23',2262445),(73587806,885695,'2019-08-24',8332507),(73671214,686789,'2020-12-12',565829),(73714778,481473,'2021-06-13',3981433),(73752111,102502,'2020-05-12',4124029),(74047244,599270,'2020-09-27',3918139),(74049995,667832,'2021-01-24',4402328),(74230158,135206,'2020-02-22',5269988),(74379656,943660,'2021-05-28',8690784),(74506576,476556,'2021-09-18',5043493),(74555794,767775,'2020-08-14',7851233),(74559493,883299,'2019-11-29',1929590),(74677441,677594,'2020-02-20',4698183),(74845543,287422,'2020-02-14',4091730),(74890767,352164,'2021-07-06',1884729),(74926912,569038,'2021-12-19',2294532),(75095450,559803,'2021-11-19',1899171),(75197210,943424,'2021-11-20',2237180),(75211607,502272,'2019-04-29',7708219),(75274671,907031,'2021-11-15',8473841),(75294950,563519,'2020-05-25',246528),(75420304,546922,'2022-03-15',3918139),(75611367,590561,'2021-03-19',3330896),(75892169,819294,'2021-11-12',9619754),(75910153,97443,'2019-10-03',4192413),(76054754,561548,'2021-06-27',2575377),(76101730,409127,'2020-11-23',8608580),(76243889,365106,'2020-06-02',1776525),(76341822,877919,'2020-05-11',7595690),(76539871,935646,'2021-12-28',8625069),(76709310,797561,'2020-01-30',4239823),(76823073,74163,'2020-01-18',7349834),(76830482,308897,'2019-12-31',2411215),(76910675,565724,'2021-05-08',2069523),(77008916,551562,'2020-07-05',362609),(77117462,738485,'2021-02-02',1403038),(77178041,341123,'2022-03-08',1899171),(77183095,533100,'2019-11-16',9751785),(77252168,100184,'2021-05-31',3429430),(77276036,57308,'2019-06-04',1661821),(77340322,971600,'2019-05-31',9866636),(77431448,71049,'2019-05-23',3053309),(77453463,192111,'2022-01-21',4124029),(77548888,292180,'2019-12-20',362609),(77596209,130609,'2021-11-16',7017139),(77907439,985621,'2019-06-05',9863397),(78011012,855533,'2019-11-18',6860552),(78012360,446991,'2021-02-17',6342025),(78037094,539727,'2020-12-21',1837923),(78098043,180415,'2021-01-05',2738600),(78108717,53924,'2019-06-17',5179462),(78152362,953958,'2020-06-13',5179462),(78318210,37587,'2022-02-26',675058),(78346614,358717,'2019-05-24',151755),(78421511,606312,'2021-06-13',8434318),(78524487,422073,'2019-12-10',4402328),(78707593,469163,'2020-03-26',9773160),(78905721,657353,'2021-08-06',1884729),(78936721,933340,'2021-10-30',381079),(78986889,790307,'2019-12-09',2424723),(79031062,240220,'2022-04-04',3429430),(79067824,43081,'2019-08-21',8586319),(79068873,650963,'2019-10-06',1899171),(79267080,506057,'2019-05-24',4016505),(79293226,476945,'2019-12-26',7726797),(79317090,850772,'2020-05-25',1884729),(79432706,161509,'2021-01-06',2918843),(79478898,38382,'2020-11-13',3053309),(79575695,989865,'2021-09-23',4870480),(79577751,89297,'2020-01-09',6860552),(79612033,861643,'2022-04-03',3401158),(79795759,107050,'2019-12-05',9839959),(79935626,965733,'2020-08-08',2751941),(79936986,537647,'2020-01-13',9712150),(79980910,589859,'2019-06-06',7867915),(80171610,212813,'2020-09-29',6275829),(80195209,923362,'2020-11-12',6860552),(80218742,284029,'2020-09-30',6514593),(80310200,708053,'2022-01-16',4848230),(80380017,318562,'2020-12-28',8145228),(80526266,782160,'2021-02-21',2300567),(80641316,457013,'2019-11-15',1258930),(80682921,654427,'2020-10-03',1379726),(80753432,83976,'2020-12-28',7922246),(81027117,912490,'2021-09-29',508439),(81136775,479823,'2020-05-29',381079),(81297969,252952,'2021-03-23',7780684),(81309905,290475,'2021-10-02',9008549),(81423789,17147,'2021-08-15',12087),(81659039,861643,'2021-12-01',6983170),(81797341,50248,'2022-04-13',4706604),(81820178,540463,'2022-01-17',1959535),(81872778,522972,'2021-02-21',7150330),(82212545,669820,'2020-08-02',4482847),(82276669,91380,'2022-03-15',7017139),(82321529,540615,'2021-01-25',8056235),(82323064,163119,'2019-05-16',1737753),(82399676,574688,'2019-07-27',7396297),(82517730,938298,'2020-01-03',2411215),(82742328,24347,'2021-06-02',8235692),(82757419,72054,'2020-06-15',2892243),(82972908,889796,'2022-04-02',5232918),(83058474,671854,'2019-11-24',7702711),(83140824,993852,'2020-09-03',1929590),(83247526,195420,'2021-12-10',3660685),(83330351,819913,'2020-07-09',8434318),(83332092,85490,'2019-05-09',3918139),(83510043,351468,'2020-08-10',9389880),(83554397,404066,'2019-06-24',6342025),(83614204,477595,'2022-03-05',8440442),(83669216,909643,'2020-04-04',637026),(83720971,530655,'2022-01-09',6459891),(83947603,717596,'2019-07-29',2424723),(83959953,773850,'2019-09-27',8077161),(83969427,781138,'2021-12-07',8745956),(84398538,321395,'2021-08-09',3145998),(84488538,344937,'2022-01-29',1644944),(84507036,101068,'2021-09-12',4841085),(84580590,167904,'2020-09-07',5586888),(84656227,26456,'2020-03-13',4870480),(84671572,926649,'2020-10-27',9941737),(84917142,129721,'2020-03-14',9326982),(85060726,881273,'2021-12-08',2269432),(85090534,483923,'2020-12-23',1684156),(85191975,176261,'2019-06-27',7150330),(85336799,505474,'2019-07-23',9160072),(85353446,292244,'2020-01-22',2293622),(85358852,952698,'2022-04-12',1685359),(85421698,201263,'2021-08-13',9229157),(85486193,372457,'2020-07-31',6514593),(85521698,277109,'2020-03-18',1564742),(85554755,638869,'2021-11-07',9863397),(85722864,251267,'2022-02-03',3052316),(85735386,881243,'2019-08-08',6459891),(85738836,922360,'2019-05-11',9908101),(85790015,57510,'2021-03-08',8235692),(85817029,450673,'2021-05-26',8145228),(85883260,476295,'2021-11-12',7644234),(85887964,478068,'2019-10-31',4706604),(85921318,747310,'2020-06-27',8477054),(86024370,817451,'2021-04-06',1684156),(86044849,524913,'2019-09-05',5264339),(86117973,400090,'2019-08-31',4124029),(86196762,286854,'2022-02-05',2286618),(86196964,200130,'2019-11-19',7349834),(86687852,105706,'2021-12-13',6135005),(86869787,555849,'2021-10-11',1959606),(86984507,884356,'2021-11-18',7717512),(87077364,996078,'2021-08-21',9619754),(87232909,298913,'2021-02-18',4193349),(87249807,845822,'2021-06-27',4305734),(87496838,382026,'2021-10-23',6481419),(87501697,160553,'2020-03-23',8384408),(87519649,635949,'2020-05-10',9336993),(87564626,433153,'2020-10-26',7129957),(87645204,248360,'2021-05-16',7337255),(87729981,320020,'2020-03-18',6575388),(87911951,997909,'2020-11-07',4415539),(87954636,188963,'2020-02-01',4016505),(88016199,355510,'2022-01-08',1962515),(88028704,370462,'2021-12-02',7708219),(88112472,132573,'2019-07-30',4305734),(88330588,278960,'2020-08-28',2317027),(88427223,12047,'2020-01-16',3146676),(88471359,591101,'2021-02-19',5264339),(88486111,244821,'2020-11-14',4042524),(88586136,475834,'2019-05-14',1897811),(88795358,164080,'2022-04-15',6275829),(89077699,304138,'2021-07-19',5043493),(89109324,196472,'2019-08-01',9757038),(89220327,425574,'2021-01-07',2588180),(89472580,299027,'2021-09-22',508439),(89668066,760267,'2022-01-22',2069523),(89733860,259611,'2019-12-03',7644234),(89764266,915143,'2020-10-27',1573909),(89770210,542990,'2019-06-03',5586888),(89884360,799566,'2019-05-29',8477054),(89907587,258960,'2020-07-20',9863397),(90200178,473486,'2021-11-16',6860552),(90276106,358453,'2021-07-18',844210),(90356290,586240,'2020-12-08',2803334),(90557978,329762,'2022-04-01',6481419),(90576887,497965,'2020-05-15',9866636),(90626456,712827,'2020-06-25',2918843),(90865477,627506,'2019-08-17',6342025),(90886462,940236,'2021-06-24',2286618),(91058992,254358,'2020-05-15',9908101),(91091211,167837,'2021-05-10',7644234),(91143196,650191,'2020-11-12',5586888),(91147047,469693,'2022-02-03',9863397),(91182619,153648,'2020-07-22',2932522),(91209995,94286,'2021-07-12',1403038),(91259322,706266,'2019-08-04',8056235),(91321363,436213,'2021-05-28',1271952),(91337849,424134,'2020-06-08',1962515),(91574049,218376,'2019-11-17',6135005),(91612927,523720,'2021-09-16',4042524),(91669162,924535,'2019-06-24',1573909),(91783109,575119,'2021-04-21',7350554),(91829118,928571,'2019-05-12',3660685),(91924751,506907,'2021-11-27',1959535),(91958934,128615,'2021-08-20',5152699),(92050668,709964,'2020-12-09',6514593),(92186395,822437,'2021-11-11',7239570),(92231622,694705,'2021-02-14',246528),(92252221,320484,'2022-04-25',8473841),(92418980,553347,'2021-05-13',3993336),(92430303,912022,'2020-07-31',9562009),(92489067,747898,'2020-02-15',5269988),(92763829,944893,'2021-06-10',4841085),(92764002,563310,'2021-01-18',2918843),(92815543,736603,'2019-09-02',2575377),(92950791,740835,'2021-08-08',1379726),(93029363,875824,'2021-09-03',3330896),(93065189,286743,'2021-03-12',9562009),(93119418,731883,'2021-01-16',4415539),(93164118,899152,'2021-06-06',8745956),(93192167,323531,'2021-09-27',3429430),(93227192,839485,'2021-11-17',1884729),(93260825,341343,'2020-10-16',8235692),(93438178,322777,'2019-05-17',1758946),(93610160,170268,'2022-03-04',1854551),(93832991,671137,'2019-06-23',1841375),(93932503,818792,'2022-01-05',5232918),(93940130,926107,'2021-02-14',7582719),(94032252,548890,'2021-12-06',69443),(94103458,127998,'2021-04-25',9712150),(94328012,661461,'2020-08-15',9336993),(94367363,529364,'2021-10-31',1776525),(94434323,258041,'2020-11-19',4848230),(94438841,923749,'2019-10-02',4532529),(94500858,601107,'2021-09-22',4848230),(94701962,7660,'2019-09-07',151755),(94708044,165196,'2019-07-05',5782092),(94926174,206078,'2022-03-21',492305),(95433585,786721,'2022-02-24',2269432),(95464578,171931,'2020-01-10',8332507),(95635665,921609,'2019-11-03',610572),(95769396,416936,'2020-03-05',4402328),(95904019,771455,'2020-05-07',6342025),(95923458,852646,'2021-12-01',2738600),(95966435,242387,'2022-02-07',7198077),(96039343,307991,'2020-04-16',4124029),(96100723,632083,'2022-04-20',1258930),(96204485,786013,'2021-12-23',7726797),(96337870,853142,'2021-02-23',6481419),(96434260,74896,'2020-05-10',3993336),(96459735,241399,'2022-01-31',7851233),(96543897,650258,'2021-01-26',69443),(96628678,110237,'2022-02-26',6514593),(96772054,383469,'2021-05-06',4029152),(96818160,886121,'2022-01-28',4183447),(96972480,416111,'2020-12-19',9326982),(97108544,503721,'2021-08-15',9058587),(97246852,338448,'2020-05-24',9712150),(97313861,237426,'2021-03-30',2300567),(97358252,705664,'2021-02-19',7726797),(97467100,584290,'2021-08-10',1023241),(97550976,929996,'2021-08-10',508439),(97728794,528937,'2022-04-11',179696),(97755924,669473,'2021-06-20',7708219),(97848512,178000,'2020-02-22',2237180),(97963063,624564,'2019-07-13',1899171),(98194670,840220,'2021-03-17',9773160),(98433175,984443,'2019-10-05',2237180),(98435463,663594,'2021-09-16',3983212),(98468502,593628,'2019-06-09',2262445),(98469089,965948,'2020-06-17',8139971),(98566020,130748,'2020-06-07',7337255),(98911616,340681,'2019-10-10',2424723),(98998676,638240,'2022-04-17',6680960),(99019353,101093,'2020-03-26',9229157),(99193278,509321,'2020-06-12',9326982),(99398295,592024,'2022-02-14',8586319),(99472763,52351,'2020-10-02',2751941),(99534302,526739,'2022-01-23',2293622),(99596048,740502,'2021-12-19',12087),(99630946,802784,'2021-10-04',8235692),(99743081,983678,'2021-03-02',6575388),(99762939,836131,'2020-03-22',4532529);
/*!40000 ALTER TABLE `credit_info` ENABLE KEYS */;
UNLOCK TABLES;

--
-- Table structure for table `cust_login_info`
--

DROP TABLE IF EXISTS `cust_login_info`;
/*!40101 SET @saved_cs_client     = @@character_set_client */;
/*!50503 SET character_set_client = utf8mb4 */;
CREATE TABLE `cust_login_info` (
  `ACC_NO` bigint NOT NULL,
  `USER_ID` int NOT NULL,
  `PASS` varchar(25) NOT NULL,
  `PIN` int NOT NULL,
  UNIQUE KEY `ACC_NO` (`ACC_NO`,`USER_ID`),
  CONSTRAINT `cust_login_info_ibfk_1` FOREIGN KEY (`ACC_NO`) REFERENCES `customer` (`ACC_NO`)
) ENGINE=InnoDB DEFAULT CHARSET=utf8mb4 COLLATE=utf8mb4_0900_ai_ci;
/*!40101 SET character_set_client = @saved_cs_client */;

--
-- Dumping data for table `cust_login_info`
--

LOCK TABLES `cust_login_info` WRITE;
/*!40000 ALTER TABLE `cust_login_info` DISABLE KEYS */;
INSERT INTO `cust_login_info` VALUES (12087,99936,'iV5TjaOe61kt',8328),(69443,36475,'bQ9wRkBbIOG',8176),(151755,55166,'oW0dmvDLK',6814),(178546,42129,'4sgpxi4l',7143),(179696,70476,'ZBQxvke',6889),(246528,86373,'YY8Q4rN1',8600),(362609,44451,'0bDT1rpYv0qc',6666),(381079,60877,'m9bX4Wx',2779),(390981,61139,'vvybFCALC5wM',9699),(492305,73851,'7gbgDiNZiu',8011),(508439,79577,'MrjIKJA',4074),(565829,58819,'jYYxYnaDG',9757),(610572,25022,'BdexAMfPn',1162),(637026,58249,'gaXdYBw9A2Kx',8353),(675058,13382,'zqI01W3o6B1',2727),(844210,97719,'E93rn9cc',1464),(995566,84801,'Lr9QJ0T0E',6399),(1023241,24959,'fSD5loJQiVx',5406),(1250912,52645,'QWGPJfb',7108),(1258930,35550,'2dtJcklag',3436),(1271952,94105,'UuRHLw',8828),(1315743,50965,'zYldo1xMWY9',9261),(1318866,70116,'zcgIgua',6981),(1379726,58333,'Avo45Jo',4630),(1403038,55027,'nPygqGXH7an',6659),(1564742,13179,'XY7tZW',3427),(1573909,39214,'DefOK44zLvGb',9700),(1590099,20707,'8UmqTCoMh0',6140),(1595198,45092,'urhHbPosXFi',1930),(1644944,73722,'HlMa1eado',2879),(1661821,39792,'Y3IejyLdTz',6178),(1684156,26296,'aZk0BCg',9869),(1685359,67721,'kB09T9',4367),(1737753,12756,'GzFiLyS',6792),(1758946,35191,'TSlJdFLRVZl',2866),(1776525,41253,'9iJ1W9J8pY5',8461),(1837923,86359,'9NuQQE3EIO64',9218),(1838432,21184,'V64BzQ',7343),(1841375,71618,'KKBFV0',1460),(1854551,82032,'8sB8YU2ez',1224),(1884729,12030,'E9bVRtbxe',3216),(1897811,29938,'ZqTmeHzd0Ev',4526),(1899171,59669,'z0KfJpXwW',5124),(1918206,85052,'SlEJ0ZjJMzl',4166),(1929590,58753,'y7o7edJep',9303),(1944969,62968,'jOZxxpDzIOD',8316),(1959535,39648,'z5OIccRKsCU',3991),(1959606,41202,'pzx9sJsPEnpL',8581),(1962515,28984,'nBV3Ssi',4544),(2069523,10734,'6xn3jMu',9324),(2178185,11074,'kAoUze5fm7o',8872),(2237180,75886,'YMDzKLnmK',3894),(2262445,23678,'qUEtxoxbp',2873),(2269432,28132,'XgAL1jX3Xu',4632),(2286618,50959,'SN2lyyDm9sg',9921),(2293622,71842,'06KFa3Rn',4870),(2294532,54930,'RKkl72nm',5129),(2300567,53564,'tIlGjTZV6',4666),(2317027,69111,'wKI9zuLrYUT',5189),(2318464,47031,'UCLUTr3kc6Sd',2137),(2411215,28858,'C2C5Xp2',4664),(2424723,21456,'ZRAYx88OFp',4801),(2575377,92029,'smvmtB',2057),(2588180,32300,'P4h2gv',9887),(2738600,71724,'s4TsY5V6xp',7493),(2751941,68339,'WE7vOm2NO5dI',8791),(2803334,58366,'h7U7dQMv',6806),(2892243,29731,'XaB2uB',9611),(2918843,14560,'naNr0UHELCwY',9807),(2932522,22986,'HGp9YoM9kl6',6101),(3052316,92099,'dtHnxQ',6245),(3053309,87370,'ExOecKE6Yzs',7727),(3098710,87171,'0BiKaNyafc2C',2901),(3145998,84070,'qaXjsl0JCjSq',1476),(3146676,73039,'Bd7zDnU',1142),(3246227,27484,'CunGoCQxXlf',3989),(3330896,84952,'hQhoQH',5679),(3378113,43240,'XmY9IAKIp3fY',3871),(3394107,27941,'PsxiBhqMAb',2621),(3401158,91343,'n8ESJAsCXV',1422),(3429430,90144,'gikjE4M',2038),(3571746,19766,'OR6PlVcWNP',2279),(3660685,31702,'C7h6aZEGT',9320),(3902920,63779,'X7NeVRCLk',7244),(3918139,33327,'W4pMK4cgu7W',9465),(3936276,12446,'idccJ4',9426),(3981433,95112,'UsVFgq',8778),(3983212,59729,'jEVnp48Sk',9381),(3993336,68042,'rq4PvYZg',2136),(4016505,97712,'NwRok4XDUi',7670),(4029152,74494,'OD5FFm13AA7N',7679),(4042524,84012,'T0EyLgbqGo',4566),(4091730,43785,'MyZsVA4',9353),(4124029,13393,'xSot5Nn',6775),(4183447,46799,'Qon1aB2',4396),(4192413,52094,'k4atjxPa',5601),(4193349,40814,'GKYmOhWEGJ6',8338),(4239823,89990,'eOrqw9V',3002),(4305734,20443,'4vEWH1SAGK',3617),(4402328,12859,'kgiP7b',5492),(4415539,10666,'3EWhrFkfEQ',2563),(4469011,73518,'rsIBHYRlg',1566),(4482847,27972,'8iMKHeH',9348),(4487735,21283,'XtvzT8n7q',3894),(4532529,58314,'Z7axf1kp0w',6946),(4650177,92449,'vkCQuSla7',2991),(4698183,26895,'OHCOk7FsLAq',3123),(4706604,57377,'R86Oki',5796),(4760410,39283,'m2wMGI4N8',5722),(4841085,28488,'CCv35nJ',1222),(4848230,86603,'RXd8tBvlx',1699),(4870480,27628,'sUlJwf',7628),(5021287,40823,'b4zOfm',7377),(5037050,22584,'ILD9NYdUz',3485),(5043493,23065,'bQF648Jw',1232),(5152699,56070,'NkAyj7Mrlr',4781),(5179462,38432,'wioDAG19JnD',5125),(5230806,20332,'1kqMB6A',6607),(5232918,53815,'4yZvgpubmFPG',6653),(5264339,16253,'hBPeVUg2D5VA',4851),(5269988,48563,'2NqXtFZwVRc',2575),(5279276,89064,'ksAWjO',9694),(5586888,80249,'TjWlrv4Wl',6447),(5678611,22219,'b3kt09R',6910),(5782092,20722,'tsEHuPO7qP',2062),(6135005,41827,'suzOKXoWfqk',1994),(6159432,40319,'aeTvXyIPzGG',7536),(6275829,77196,'SnCGhF',5476),(6342025,71187,'98vWRjDv',4654),(6369571,43596,'mH40whFL',7673),(6459891,41852,'KIBcqUCPky',9549),(6481419,76933,'NyCTn5x2a7',9354),(6514593,12494,'kLscXLP',6503),(6575388,76516,'7klA3RAeMa',5471),(6680960,31200,'0OoLcYCVVYr',8363),(6692293,29434,'x5MNXA9O3',8230),(6860552,37052,'dAZvq0r',8910),(6983170,93051,'owN9C3RG',6609),(7017139,11729,'Fh0owKZm3al',4652),(7026499,67431,'2q8q4Cmv',3253),(7129957,54379,'02mfsR3t',9249),(7150330,15250,'ji8LJD3xAJUD',6392),(7198077,67074,'1GOKIj',1029),(7239570,17670,'q6xD4SM',1675),(7337255,16452,'CAzGiR7',1869),(7349834,96607,'ON7LN03B',7554),(7350554,44445,'utqqprnz',4756),(7376796,35594,'wZrdqVENj4',1079),(7385746,69597,'oSsQ1ttu',2487),(7396297,83582,'SdkAVdCozpT',4359),(7518758,45581,'jlhVkwV2dK',8615),(7582719,34310,'KgqMxN',4599),(7595690,91097,'NPFMuE8',2434),(7644234,16266,'dHDW6wCt1',3080),(7702711,49749,'0XZHWU1rMXbR',4913),(7708219,73752,'KmhbqNtnP',6553),(7717512,13958,'uYMXgMTx',3186),(7726797,60397,'vNvctAOiD9',8818),(7780684,53696,'afvyaXqT',7830),(7851233,22323,'FuHFAqPjm3',3937),(7867915,68258,'dDm2AqSoYs',6187),(7922246,75096,'dX5jVAUQ3',5679),(8050986,31716,'RQpphg4rx',8076),(8056235,82031,'tZXAXCYtoL',8055),(8077161,58335,'qczY39',4508),(8139971,84065,'ycrLzCt0HZ',1911),(8145228,74451,'K7ifFI9a9',4609),(8235692,58846,'c4tsDaC2Ei',3983),(8332507,38598,'PFYHkNJxK8m',1906),(8384408,13501,'JkjF02F',5985),(8434318,72824,'xJj2ajO9E',2828),(8440442,37745,'33tdoEhC8DR',9749),(8473841,71243,'2TYokoWbLvFX',6372),(8477054,71774,'D5iJBa',1312),(8586319,49171,'4zVmSCOSW',7376),(8608580,63957,'qEUxkRR8H',3264),(8625069,84523,'oUv9Qtclbg',7634),(8690784,39069,'7UUBSz',1713),(8745956,54949,'0ZzVZj',5419),(8904857,66090,'QkPFdC',8801),(9008549,91680,'d9EWuPZHpo',1792),(9058587,39562,'hbY3FhA',7420),(9160072,10491,'umNXkWQOWR',4655),(9229157,20962,'c9RB3IsPJ',2691),(9326982,62130,'u2vhHv',1374),(9336993,97629,'VoCIihET5',6152),(9389880,12269,'97NadSYCy',1490),(9417292,57468,'se3FvSPlzXb',6990),(9562009,80820,'G5OwRDdV',4826),(9619754,38220,'cNpMNP',2629),(9712150,80395,'XvzEDbm',8087),(9751785,62466,'3hq7xur',9488),(9757038,67150,'7LhNmzzP34',7437),(9773160,67097,'3KBYvp',6110),(9808204,13054,'9zLGrlS74zLW',6956),(9839959,43858,'GjJFM21r',7354),(9863397,25278,'jVTAWHZ3',8885),(9866636,36168,'ACzruMhW',3505),(9908101,76169,'QA3Q2OcnenT',7964),(9941737,37032,'YcaW3FB43buL',3932);
/*!40000 ALTER TABLE `cust_login_info` ENABLE KEYS */;
UNLOCK TABLES;

--
-- Table structure for table `customer`
--

DROP TABLE IF EXISTS `customer`;
/*!40101 SET @saved_cs_client     = @@character_set_client */;
/*!50503 SET character_set_client = utf8mb4 */;
CREATE TABLE `customer` (
  `ACC_NO` bigint NOT NULL,
  `NAME` varchar(45) NOT NULL,
  `AADHAAR` bigint NOT NULL,
  `AGE` int NOT NULL,
  `CONTACT` bigint NOT NULL,
  `CITY` varchar(45) NOT NULL,
  `ACCOUNT_TYPE` varchar(45) NOT NULL,
  `BALANCE` varchar(45) NOT NULL,
  `BRANCH_NO` int NOT NULL,
  PRIMARY KEY (`ACC_NO`),
  KEY `CUSTOMER_BRANCH_NO_idx` (`BRANCH_NO`),
  KEY `index_cust_name` (`NAME`),
  KEY `index_cust_details` (`NAME`,`AADHAAR`,`AGE`,`CONTACT`,`CITY`),
  KEY `index_cust_balance` (`BALANCE`),
  CONSTRAINT `CUSTOMER_BRANCH_NO` FOREIGN KEY (`BRANCH_NO`) REFERENCES `branch` (`BRANCH_NO`),
  CONSTRAINT `check_age` CHECK ((`AGE` >= 18))
) ENGINE=InnoDB DEFAULT CHARSET=utf8mb4 COLLATE=utf8mb4_0900_ai_ci;
/*!40101 SET character_set_client = @saved_cs_client */;

--
-- Dumping data for table `customer`
--

LOCK TABLES `customer` WRITE;
/*!40000 ALTER TABLE `customer` DISABLE KEYS */;
INSERT INTO `customer` VALUES (456,'Deepak',8796646,21,648665465484,'Mumbai','Savings','6846478',16773),(12087,'Marten Bosnell',78365904750,87,7655139114,'Delhi','Savings','4414518',48708),(69443,'Anabelle Coneron',57875381668,31,3094910861,'Prayagraj','Savings','7517403',18239),(151755,'Sampson Buzine',56856593429,32,7113076315,'Hyderabad','Savings','930442',27304),(178546,'Angie Kirkwood',95229365942,77,2531579705,'Delhi','Current','868923',48708),(179696,'Eldin Ochterlony',61661012932,59,976279385,'Delhi','Current','8237126',21157),(246528,'Odessa Deares',99366405924,34,237575596,'Ahemdabad','Savings','1491572',11127),(362609,'Gilly Syce',52064750961,32,8924259409,'Chennai','Savings','6717576',58542),(381079,'Jonah MacCahee',55624566703,72,6032419612,'Delhi','Current','5450237',88866),(390981,'Denver O\'Fogerty',4634149564,35,7310373817,'Kolkata','Current','9187116',28176),(492305,'Levey Tantrum',59478187402,35,2355623407,'Mumbai','Current','4197600',78267),(508439,'Corri Upston',96958095834,28,5551205175,'Lucknow','Savings','6572680',34112),(565829,'Veronika Brugger',41530414545,45,6562429758,'Lucknow','Current','1969425',34112),(610572,'Samantha Scanlon',82249396329,26,8761137338,'Chennai','Current','6550474',58542),(637026,'Marcy Vallis',32007535108,32,2734033280,'Lucknow','Savings','2926064',45121),(675058,'Clerc Morgan',16786585104,39,7007406608,'Jaipur','Savings','3792137',79489),(844210,'Parnell Fielders',71343763141,22,3072937518,'Jaipur','Current','5824373',54462),(995566,'Keane Beazer',56370093399,76,5474893696,'Jaipur','Current','5226840',10981),(1023241,'Eartha Franzolini',15688979236,39,8785888334,'Chennai','Current','8891551',11146),(1250912,'Aeriel Shillito',26963063027,48,4468702808,'Delhi','Current','6959443',88866),(1258930,'Kenneth Pudsall',61526874782,90,7634226960,'Jaipur','Current','1497600',10981),(1271952,'Horten Gilogly',51754095564,45,5120370886,'Pune','Current','749426',17745),(1315743,'Avie Pitford',75624677567,21,5235295975,'Delhi','Savings','4394950',20362),(1318866,'Marlin Damp',66725450306,71,3038581722,'Hyderabad','Savings','324341',27304),(1379726,'Vicki Jewell',17701715114,78,4023096972,'Mumbai','Current','4301136',16773),(1403038,'Vickie Duetschens',82002347850,43,2378873035,'Kolkata','Current','52904',49844),(1564742,'Felicia Stanaway',36128262967,37,761275017,'Mumbai','Current','2373332',78267),(1573909,'Dougie Lynde',43354931655,38,5834934494,'Bhopal','Savings','8201269',77083),(1590099,'Carly Thorrington',93809300809,24,367358256,'Delhi','Savings','8349705',21530),(1595198,'Kimberli Thirtle',91665380661,58,5761840987,'Jaipur','Current','3096604',79489),(1644944,'Atlanta Bruins',58779814231,58,1625045014,'Chennai','Current','8102178',58542),(1661821,'Lewie Briant',29433337385,54,9316274371,'Kolkata','Current','5499680',20303),(1684156,'Pernell Crevagh',92027543246,40,5870651484,'Mumbai','Savings','4310044',26568),(1685359,'Abagail Dow',17563775652,77,7873143772,'Jaipur','Current','811797',593),(1737753,'Merwin Hyam',68311372753,63,5637894522,'Jaipur','Current','2534633',10981),(1758946,'Janie Leppard',57923379805,56,3335488957,'Delhi','Savings','4564506',48708),(1776525,'Shaylyn Mortlock',86565431823,58,8076891181,'Delhi','Savings','3522995',21530),(1837923,'Akim Hollidge',75184215908,51,1157024040,'Kolkata','Current','5822140',20303),(1838432,'Liliane Swetland',47468211688,20,9969914792,'Jaipur','Savings','255942',10981),(1841375,'Sherline Hartrick',55226632401,84,3431095128,'Kolkata','Current','8374453',7120),(1854551,'Penny Freak',34021703148,69,2415941497,'Jaipur','Current','2436918',79489),(1884729,'Wilhelmina Redolfi',16449902268,47,3316223669,'Amritsar','Savings','7016847',77491),(1897811,'Aurelea Habbershon',74889335724,48,5899938361,'Banglore','Savings','877726',78841),(1899171,'Rici Rodenborch',16911296240,41,4381958679,'Hyderabad','Savings','5188745',66534),(1918206,'Shina Huckin',39423481659,57,8830296853,'Delhi','Savings','4355593',20362),(1929590,'Dudley Vinick',27241416307,89,7954073742,'Banglore','Savings','4101658',86509),(1944969,'Cozmo Collinwood',87834181724,66,8536870196,'Jaipur','Savings','3789217',55659),(1959535,'Cami Marjot',22860200279,61,7942293619,'Delhi','Current','5989981',48708),(1959606,'Christabel Hatherleigh',39031267477,84,7921406351,'Bhopal','Current','1012046',77083),(1962515,'Jacquie Balloch',97275617050,41,9889350640,'Hyderabad','Current','6622719',27304),(2069523,'Madlin Holsall',19304933730,21,2730762850,'Jaipur','Current','7361800',55659),(2178185,'Gretal Grigoriscu',82626539715,31,9082641661,'Pune','Current','9377542',17745),(2237180,'Tammara Iori',25934227430,18,7689914548,'Hyderabad','Current','4148706',35899),(2262445,'Belicia Krysiak',91602247793,52,3533384521,'Delhi','Savings','134244',48708),(2269432,'Marita Moffatt',74557228290,48,7563733835,'Bhopal','Savings','6686784',80320),(2286618,'Allard Borghese',50712560990,40,8830879920,'Delhi','Current','6051046',21530),(2293622,'Gay Graser',74382511284,86,5150716078,'Lucknow','Savings','1879331',34112),(2294532,'Marc Po',41937464584,45,9758580742,'Kolkata','Savings','8101169',49844),(2300567,'Cirillo Sorley',81103443219,34,6948198398,'Hyderabad','Savings','5956957',66534),(2317027,'Shawn Jennrich',90292012254,52,409659123,'Chennai','Current','3019232',58542),(2318464,'Justinn Mellon',97671847373,82,1246357553,'Bhopal','Current','4327045',80320),(2411215,'Flora Gilligan',92664015415,58,1260058156,'Hyderabad','Current','7418760',35899),(2424723,'Nettie Millership',17776617481,31,5904529950,'Prayagraj','Savings','4276614',18239),(2575377,'Natasha Plumbridge',46507828062,50,3718312057,'Banglore','Current','6955239',78841),(2588180,'Tyrus Lacroux',1592079190,56,5237611499,'Nagpur','Current','502937',97732),(2738600,'Cornie Stut',97104078446,69,1921807771,'Amritsar','Savings','5337608',77491),(2751941,'Rudie Osment',42934872233,65,3646200808,'Hyderabad','Savings','7516935',27304),(2803334,'Valli Tuplin',80542823826,89,3904569680,'Ahemdabad','Current','7610438',56442),(2892243,'Ronnie Dibden',90149639290,41,6426768569,'Bhopal','Current','737683',70030),(2918843,'Dickie Korous',71514980249,24,8081444151,'Delhi','Current','9359841',21530),(2932522,'Sheela Kimbrough',28896695009,87,5049891424,'Mumbai','Savings','101584',37892),(3052316,'Lewie Fullager',39272090008,54,8400599296,'Banglore','Savings','1966644',31102),(3053309,'Randi Ingarfield',44176081724,75,1343972605,'Bhopal','Current','4731505',70030),(3098710,'Cynde Lightbourn',37980844559,61,4301306790,'Hyderabad','Current','4646307',27304),(3145998,'Dita Tomasello',53644728066,58,8343164053,'Chennai','Current','3967077',58542),(3146676,'Virginia Linley',40481507240,41,1779710221,'Chennai','Savings','7048308',58542),(3246227,'Tobi Tarpey',63136270978,24,180845077,'Kolkata','Savings','2834471',28176),(3330896,'Marnia Callaby',92641960548,74,2929382255,'Kolkata','Current','2659489',7120),(3378113,'Laurianne Bahike',28068698835,62,1620210183,'Kolkata','Savings','1722710',36370),(3394107,'Marsha Leggis',62594291168,72,1846555012,'Kolkata','Current','7667431',20303),(3401158,'Wells Greschke',8471455318,28,8113912240,'Hyderabad','Savings','6411008',27304),(3429430,'Lesly Gian',58423530725,76,2562600812,'Banglore','Current','7864213',78841),(3571746,'Kaila Rothchild',41612761558,26,1316456011,'Hyderabad','Savings','552973',50982),(3660685,'Lorenzo Doll',62315292223,67,6756415090,'Kolkata','Current','7360153',49844),(3902920,'Delilah Tynan',17841257224,56,3098926108,'Mumbai','Savings','1399609',37892),(3918139,'Leonid Sangster',99428043361,57,9026105631,'Lucknow','Savings','6608812',52448),(3936276,'Jourdain Duberry',94831974414,63,4947328862,'Mumbai','Savings','1164972',78267),(3981433,'Carole Reymers',59766395249,26,5830465545,'Lucknow','Current','4463173',34112),(3983212,'Hussein Marcussen',94875044344,80,8726266405,'Hyderabad','Current','5003366',35899),(3993336,'Gardy Reddington',92765188719,39,424382006,'Kolkata','Savings','9495187',49844),(4016505,'Adam Crawford',7051417012,46,5957331315,'Bhopal','Current','21155',70030),(4029152,'Gordy Concklin',56315890096,59,5899183925,'Lucknow','Current','2418874',97612),(4042524,'Henryetta Pentlow',92386901968,68,7310581983,'Chennai','Savings','8526276',11146),(4091730,'Oby Nazer',64471541125,24,3004847960,'Nagpur','Current','6936701',97732),(4124029,'Timoteo Shakelady',84468366062,33,8045190419,'Jaipur','Savings','94528',79489),(4183447,'Hadley Abade',48374590298,55,1422717212,'Hyderabad','Current','736180',35899),(4192413,'Elissa Blondelle',88746876259,35,9395056629,'Jaipur','Current','2436859',54462),(4193349,'Sabine Gerok',66306813850,74,8997820636,'Kolkata','Current','2144774',36370),(4239823,'Chan Worms',97770614370,46,8588045597,'Mumbai','Savings','6700570',26568),(4305734,'Ariadne Fitzackerley',45166166476,88,7320085988,'Ahemdabad','Current','7223609',56442),(4402328,'Nadya Mower',61343734679,41,4093554610,'Hyderabad','Savings','1685797',35899),(4415539,'Richie Olyet',18633144189,54,8341916685,'Chennai','Current','4211301',88222),(4469011,'Hubert Derby',96157189816,58,6397932641,'Hyderabad','Savings','6594153',35899),(4482847,'Daffi Ludgate',30904235546,19,8898565839,'Gangtok','Savings','369051',11366),(4487735,'Evered Herion',10111471363,79,7240240625,'Jaipur','Savings','3668879',593),(4532529,'Vi Guiel',28161417898,62,2181242516,'Bhopal','Current','246567',77083),(4650177,'Moira Rentoll',70564034179,38,8211616036,'Bhopal','Savings','6220969',70030),(4698183,'Irwinn Toler',92233079921,18,1979114342,'Hyderabad','Savings','6806402',66534),(4706604,'Joachim Petroulis',62431825214,63,4435406936,'Kolkata','Savings','1585901',7120),(4760410,'Brit Maus',21203877847,22,290539868,'Kolkata','Savings','1472598',20303),(4841085,'Peg Gaffney',61060643975,32,6414438569,'Kolkata','Savings','8129744',49844),(4848230,'Niki De Caroli',1769294970,74,5983079445,'Delhi','Savings','8361776',20362),(4870480,'Sashenka Sheraton',36772146240,57,2048493121,'Banglore','Savings','7871368',20008),(5021287,'Leontyne Palombi',84619591317,88,8005502337,'Mumbai','Current','4684125',26568),(5037050,'Chucho Milley',41898159840,68,1887303668,'Bhopal','Current','5383417',70030),(5043493,'Orran Mouland',59944016307,90,1954223542,'Delhi','Current','5597452',79004),(5152699,'Edward Dallicott',62646227165,58,232305153,'Delhi','Current','80505',21157),(5179462,'Morgana Toffel',9310893154,52,6225633820,'Chennai','Current','9469534',88222),(5230806,'Catina Nannoni',95434270747,82,8965811138,'Bhopal','Savings','7559097',77083),(5232918,'Naoma Simoneschi',68345504184,41,1778615845,'Mumbai','Current','6421503',16773),(5264339,'Curtice Gravells',48751264029,48,5720684150,'Gangtok','Current','9293751',11366),(5269988,'Lilla Blacklock',87673422315,44,6522100415,'Hyderabad','Current','212724',35899),(5279276,'Even Hornig',13311168625,53,6022637349,'Mumbai','Savings','5034612',16773),(5586888,'Nessi Ulyet',68638304053,19,1978216502,'Lucknow','Current','9207889',34112),(5678611,'Cesare Deverell',86924488180,21,5733007138,'Prayagraj','Current','1272124',18239),(5782092,'Winna Figura',63853315554,32,279401129,'Bhopal','Current','4500739',70030),(6135005,'Della Davidek',32324123187,37,1157770244,'Pune','Savings','4193034',17745),(6159432,'Lorri Skypp',54988992542,47,123356392,'Banglore','Savings','573729',20008),(6275829,'Ruddy Willatt',83815359997,73,8323987152,'Chennai','Current','5683531',11146),(6342025,'Granny Papes',91821097400,61,9730971486,'Kolkata','Current','4446672',36370),(6369571,'Cassaundra MacGill',23104576894,28,9078848308,'Jaipur','Savings','9678021',55659),(6459891,'Nelia Dudney',19437795683,35,9868224979,'Ahemdabad','Savings','3455537',56442),(6481419,'Gasparo Capponeer',57572119095,82,4908875555,'Delhi','Current','7265374',53442),(6514593,'Tymon Harwell',35586591348,41,2999840719,'Ahemdabad','Savings','4091897',11127),(6575388,'Hewitt Jakeman',31784034988,36,776365562,'Bhopal','Savings','1850947',77083),(6680960,'Netti Coggin',55288332061,59,9633669363,'Bhopal','Current','8973027',80784),(6692293,'Edie Shackleton',99335293610,44,8403084664,'Bhopal','Savings','5763044',70030),(6860552,'Harley Tubbles',65877647458,63,358553140,'Hyderabad','Current','4074305',50982),(6983170,'Ciel Pratley',28959909843,55,3539493758,'Banglore','Savings','3358485',20008),(7017139,'Victor Bestman',97767507093,81,6187970965,'Nagpur','Current','5321410',97732),(7026499,'Lazarus De Lorenzo',34269871009,45,9388438378,'Kolkata','Current','7921255',49844),(7129957,'Deeann Mallabone',38513673664,52,7762926145,'Delhi','Savings','641968',21530),(7150330,'Erroll Cleare',58879713677,26,4083503056,'Mumbai','Savings','9595093',37892),(7198077,'Jeannine Stile',86579403296,59,2775347279,'Lucknow','Current','3421750',97612),(7239570,'Joela Redan',25387196396,45,369671105,'Kolkata','Savings','6578620',49844),(7337255,'Neville Dallosso',27014638011,58,3160908758,'Jaipur','Savings','6350651',79489),(7349834,'Tally Colloby',95927061277,74,1548062737,'Jaipur','Current','737512',54462),(7350554,'Mort Whittles',14088397010,88,3039206396,'Ahemdabad','Current','9400589',56442),(7376796,'Faulkner Favel',54984268426,24,1879720940,'Jaipur','Current','9833461',79489),(7385746,'Dory Kliesl',49149773224,44,5062505321,'Prayagraj','Savings','8997932',18239),(7396297,'Lorry Hoolaghan',4247857084,22,6606651123,'Kolkata','Current','9234468',28176),(7518758,'Johnna Mumby',10530465165,19,2579290930,'Banglore','Savings','5209013',78841),(7582719,'Colver Hughman',58843360832,32,6776036437,'Hyderabad','Current','3188654',66534),(7595690,'Darelle Shellsheere',68980569933,75,4156681905,'Kolkata','Current','5548452',36370),(7644234,'Dermot Luto',76611630504,35,1245684035,'Indore','Savings','8996811',84267),(7702711,'Odell Dowson',24042728878,53,2467823332,'Lucknow','Current','2046193',45121),(7708219,'Marijo Storm',37731164930,82,8106413914,'Kolkata','Savings','4877193',36370),(7717512,'Nikolaos Serginson',77746844399,71,4580578507,'Jaipur','Current','8639393',55659),(7726797,'Kalina Eddleston',43914389151,80,5822034184,'Kolkata','Current','6390745',28176),(7780684,'Joella Lusher',91725793742,76,4322206916,'Kolkata','Savings','9246566',36370),(7851233,'Blayne Hallowes',91119563031,83,3145423875,'Lucknow','Current','239079',34112),(7867915,'Rosina Budnik',49949824130,47,2877021673,'Lucknow','Current','9802924',97612),(7922246,'Nerty Whitewood',90107222947,72,1430746940,'Delhi','Savings','5642751',21530),(8050986,'Rodi Mattingson',96141013793,45,7987509500,'Indore','Savings','6137110',84267),(8056235,'Sarah Este',96580330713,45,6254691818,'Srinagar','Savings','1708840',65063),(8077161,'Kirbee Brownett',55569950406,54,4685475782,'Jaipur','Savings','9444778',55659),(8139971,'Dana Hannaford',87923204998,80,444715431,'Hyderabad','Current','6279077',35899),(8145228,'Griffith Sainsberry',35929658173,84,664525703,'Nagpur','Savings','5311115',97732),(8235692,'Alia Gutans',93717375433,45,1421604839,'Bhopal','Current','1289089',80784),(8332507,'Darda Breach',31628533975,63,4633682350,'Jaipur','Savings','775893',55659),(8384408,'John Forman',25141856482,33,4992044934,'Jaipur','Savings','9883785',593),(8434318,'Bobby Faucherand',61359693090,86,7024291749,'Mumbai','Savings','4853562',37892),(8440442,'Bird Fould',48158477528,48,9796682782,'Gangtok','Current','5498981',11366),(8473841,'Patsy Kingsnode',98838638442,34,2601479396,'Mumbai','Savings','4296563',37892),(8477054,'Andrus Elcom',97663165116,63,5528929151,'Srinagar','Savings','2111801',65063),(8586319,'Ly Capelin',40565008989,34,7105049754,'Jaipur','Current','7100253',593),(8608580,'Johnette Nicolls',44772198400,67,7635231447,'Kolkata','Savings','7145623',7120),(8625069,'Glenna Nassi',53326043644,38,9891461512,'Lucknow','Savings','1673518',52448),(8690784,'Hatti Truswell',54440406307,54,293521514,'Jaipur','Savings','8183790',593),(8745956,'Idalia Lingley',96466786521,56,9900756388,'Ahemdabad','Savings','6126581',10312),(8904857,'Gerrie Risbridger',33679659304,39,6053651797,'Lucknow','Savings','675918',97612),(9008549,'Shanta Benard',2909636764,72,3434252745,'Hyderabad','Current','5481261',35899),(9058587,'Gray Tysack',43924688474,39,3854040955,'Lucknow','Current','6418295',45121),(9160072,'Aldrich Petr',15191129777,38,3357044842,'Bhopal','Current','5643401',70030),(9229157,'Blythe Tieman',16133163407,75,7421969854,'Banglore','Current','2550701',20008),(9326982,'Mora Whitworth',91265185163,63,4572699686,'Bhopal','Savings','4008885',70030),(9336993,'Johnette Blackall',26152653786,89,3527006259,'Banglore','Current','2676337',78841),(9389880,'Gwenora Millwater',85472995949,45,5026590449,'Jaipur','Savings','4547430',55659),(9417292,'Olivette Throssell',14950419528,69,9176836278,'Amritsar','Current','9292213',77491),(9562009,'Delilah Landsbury',97331308924,77,5415489361,'Jaipur','Savings','5359016',54462),(9619754,'Raynell Tibbles',14159081069,40,7001580419,'Bhopal','Savings','8492620',80320),(9712150,'Steffie Grzegorczyk',21178685679,42,2157431335,'Lucknow','Savings','6870036',52448),(9751785,'Nolan Draye',3920393987,74,8476808772,'Prayagraj','Savings','2424047',18239),(9757038,'Caren Muzzullo',91048256768,38,8444463027,'Hyderabad','Savings','6323574',50982),(9773160,'Tamara Donaghie',7753420218,48,2710625980,'Lucknow','Current','9334453',45121),(9808204,'Clair Puve',92315510479,38,2774106794,'Kolkata','Current','5344670',28176),(9839959,'Cal Eddington',23911124290,39,9844522156,'Lucknow','Current','6651289',34112),(9863397,'Blake McLarens',60687615783,32,4259949676,'Kolkata','Savings','6110964',36370),(9866636,'Lindie Birtonshaw',79890480883,53,3166111894,'Delhi','Savings','2121511',48708),(9908101,'Homer Endicott',79799895491,26,1982207703,'Delhi','Savings','691440',20362),(9941737,'Melony Longstaff',32494347887,18,5008363612,'Ahemdabad','Savings','3405407',11127);
/*!40000 ALTER TABLE `customer` ENABLE KEYS */;
UNLOCK TABLES;

--
-- Table structure for table `debit_card`
--

DROP TABLE IF EXISTS `debit_card`;
/*!40101 SET @saved_cs_client     = @@character_set_client */;
/*!50503 SET character_set_client = utf8mb4 */;
CREATE TABLE `debit_card` (
  `CARD_NO` bigint NOT NULL,
  `CARD_TYPE` varchar(45) NOT NULL,
  `EXPIRY` date NOT NULL,
  `CVV` int NOT NULL,
  `ACC_NO` bigint NOT NULL,
  PRIMARY KEY (`CARD_NO`),
  KEY `DEBIT_ACC_NO_idx` (`ACC_NO`),
  CONSTRAINT `DEBIT_ACC_NO` FOREIGN KEY (`ACC_NO`) REFERENCES `customer` (`ACC_NO`)
) ENGINE=InnoDB DEFAULT CHARSET=utf8mb4 COLLATE=utf8mb4_0900_ai_ci;
/*!40101 SET character_set_client = @saved_cs_client */;

--
-- Dumping data for table `debit_card`
--

LOCK TABLES `debit_card` WRITE;
/*!40000 ALTER TABLE `debit_card` DISABLE KEYS */;
INSERT INTO `debit_card` VALUES (1424394387260,'RuPay','2023-09-21',729,6159432),(2087332490842,'American Express','2023-08-03',230,7726797),(3203457688904,'American Express','2023-07-12',890,4487735),(3559433190569,'RuPay','2023-08-20',631,1315743),(3836493138913,'Master Card','2023-11-04',609,4193349),(4017358415373,'Master Card','2023-05-17',725,12087),(4820535147593,'American Express','2024-03-07',718,7644234),(5063596263872,'American Express','2024-01-06',351,5043493),(5536801357615,'RuPay','2023-06-25',151,7017139),(5705093105433,'Master Card','2023-12-19',733,2293622),(6026537599339,'RuPay','2024-02-29',178,7349834),(6144339088489,'Visa','2023-06-21',118,4029152),(6961456246227,'American Express','2023-12-22',429,3936276),(7329794971898,'American Express','2023-07-18',545,8056235),(7469663219151,'RuPay','2024-01-08',314,2178185),(7640945097945,'Visa','2023-10-22',634,5037050),(8433578938145,'Visa','2023-10-03',558,6369571),(8825494379102,'Master Card','2024-01-21',314,1929590),(10086140255382,'RuPay','2024-01-24',175,4042524),(10163096636573,'Master Card','2024-01-08',428,6275829),(10586602194639,'Master Card','2024-04-01',982,9866636),(10668247257589,'Master Card','2023-09-17',327,9008549),(11390787762307,'RuPay','2023-10-08',707,7017139),(11482137357522,'RuPay','2023-11-18',861,9908101),(11925125852544,'RuPay','2023-12-28',575,9619754),(11970740507249,'Master Card','2023-08-01',996,1854551),(12456578279137,'Master Card','2023-06-10',155,4183447),(12609351992460,'American Express','2024-01-02',944,3330896),(13237006455683,'Visa','2023-11-28',711,3918139),(13625719434769,'RuPay','2023-06-12',267,9866636),(13955505914562,'Visa','2023-08-24',835,8473841),(14913163137917,'American Express','2024-03-02',747,7350554),(15348675838674,'RuPay','2023-12-10',304,1564742),(16515551124249,'Master Card','2024-02-06',469,7385746),(16812309606746,'Visa','2024-04-21',811,9808204),(16842527781656,'Master Card','2023-11-09',860,4192413),(17377094268267,'Master Card','2023-11-22',824,179696),(17507168475128,'Visa','2023-08-09',137,6514593),(17622783515092,'Master Card','2023-09-30',920,3330896),(18748392022504,'American Express','2024-01-26',317,12087),(22125786468712,'RuPay','2024-03-16',605,3401158),(22569990973896,'Visa','2024-02-12',122,1899171),(24051456787850,'Visa','2023-12-29',881,12087),(24180439749029,'RuPay','2023-12-16',523,2575377),(25483990606348,'RuPay','2023-10-25',613,9808204),(26107005430568,'Master Card','2024-01-06',914,6692293),(26447295057559,'Visa','2023-09-13',166,9773160),(26979549172028,'Visa','2024-03-05',410,4415539),(27074172029042,'American Express','2023-07-17',978,7337255),(27907292010762,'American Express','2023-05-29',241,7922246),(28078643784128,'American Express','2023-12-13',854,4029152),(28303862765467,'American Express','2023-05-07',987,637026),(28730355557049,'RuPay','2023-11-24',844,1929590),(29610573548853,'Visa','2024-03-19',585,1661821),(30750182859775,'American Express','2023-10-12',667,4706604),(30976654991529,'American Express','2023-08-29',629,8056235),(31804311565694,'Master Card','2024-03-05',999,1838432),(33390711108625,'RuPay','2023-09-20',868,1884729),(33574034126094,'RuPay','2023-05-28',626,1884729),(34217451697614,'Visa','2023-09-28',302,5279276),(34416876718793,'RuPay','2024-02-08',144,7129957),(35194307814839,'American Express','2024-03-01',868,5782092),(35288439603048,'Master Card','2023-10-09',420,1685359),(36900504000518,'Master Card','2024-04-07',327,3660685),(37236042461695,'Visa','2023-08-06',308,7026499),(37576670577607,'RuPay','2024-01-05',229,565829),(37595447851665,'American Express','2023-11-15',514,9712150),(38482094141556,'Master Card','2024-01-27',735,9417292),(38538352031366,'RuPay','2023-07-28',743,2424723),(38734656190923,'RuPay','2023-06-14',562,3146676),(38939380441852,'Visa','2023-12-16',369,2069523),(39000283994084,'American Express','2023-09-24',275,7350554),(39136684624284,'Visa','2023-09-20',911,2286618),(39285934814555,'RuPay','2023-05-31',739,9229157),(39890292425532,'Visa','2023-06-24',945,995566),(40477930034302,'American Express','2024-03-03',388,9751785),(41360957164288,'RuPay','2023-09-24',549,6135005),(41755670546514,'Visa','2024-04-05',149,4124029),(41809152114520,'Master Card','2024-03-04',160,6692293),(41956723495616,'Visa','2024-04-02',838,4650177),(42326707012230,'American Express','2024-04-08',472,6135005),(43188416409368,'RuPay','2024-04-07',202,7376796),(43786019367173,'RuPay','2023-07-20',579,4042524),(44764970743381,'Visa','2023-06-11',659,1684156),(45033138208689,'Master Card','2023-09-29',418,2803334),(46743624851698,'American Express','2023-10-27',781,9336993),(46945129810444,'Visa','2023-07-25',224,8690784),(47655936614765,'RuPay','2023-12-11',504,2424723),(47773581053480,'Visa','2023-11-22',765,1684156),(48269461347831,'RuPay','2024-03-27',782,1318866),(48889995819143,'RuPay','2023-06-21',130,7780684),(49204432078730,'American Express','2023-05-31',399,6135005),(51357709851669,'Visa','2024-01-17',420,6459891),(51430439693395,'RuPay','2023-08-14',621,8434318),(51615378979372,'Visa','2024-04-16',710,8384408),(51635132318507,'American Express','2024-03-07',723,4760410),(51646951980902,'American Express','2023-05-12',236,3660685),(53351606104634,'RuPay','2024-03-15',347,6692293),(53353438941586,'RuPay','2024-01-07',974,1403038),(54334873924747,'RuPay','2023-11-19',447,2269432),(54375020311943,'RuPay','2023-11-20',899,246528),(54809462869089,'American Express','2023-09-03',638,8473841),(55089385110450,'Visa','2024-03-31',759,2269432),(55361824617952,'RuPay','2023-09-05',712,2317027),(56083838424271,'RuPay','2024-03-24',443,179696),(56103407059962,'American Express','2023-08-06',868,6369571),(56128437099481,'Master Card','2023-08-26',871,9773160),(56312021381897,'Master Card','2024-02-07',429,381079),(56523825506519,'RuPay','2023-12-27',487,362609),(57383892569801,'RuPay','2023-08-16',642,9941737),(57780544460137,'Visa','2023-09-20',716,1838432),(58950478830797,'Visa','2023-10-06',198,4487735),(59424206285450,'American Express','2023-06-27',730,7595690),(60023532303663,'RuPay','2023-10-12',368,9619754),(60274033922795,'Master Card','2023-06-06',754,362609),(60885032672051,'Master Card','2024-01-03',446,6369571),(61096492849822,'American Express','2023-07-18',138,3052316),(61137932056637,'American Express','2024-01-14',751,4487735),(61633343207254,'Master Card','2023-11-12',721,3429430),(61828626176753,'Visa','2023-10-16',708,3330896),(61864566113941,'American Express','2024-01-21',950,9866636),(61869460156337,'Master Card','2023-12-13',699,1944969),(62206978882058,'Master Card','2023-05-30',669,8477054),(62418565099391,'Master Card','2023-09-08',345,9008549),(63220136316557,'American Express','2024-04-13',677,1776525),(64270433976258,'RuPay','2023-07-27',212,5279276),(64329918696739,'RuPay','2023-12-21',182,565829),(64511166887738,'Master Card','2023-06-12',613,1854551),(64516506182016,'Master Card','2024-01-23',621,4029152),(65413632314017,'Master Card','2024-04-03',485,7644234),(67244317602536,'RuPay','2024-01-21',332,2411215),(68056443869149,'RuPay','2023-10-04',272,179696),(68168198138952,'Master Card','2023-07-07',387,2317027),(68728320733794,'RuPay','2023-08-16',291,1962515),(68755553199613,'American Express','2024-03-11',423,9751785),(68854589704759,'RuPay','2024-03-16',603,1271952),(69963865649262,'Master Card','2023-10-18',436,8586319),(70728377592644,'Master Card','2023-10-28',315,7867915),(70975646220313,'RuPay','2023-11-23',212,6514593),(71472572216018,'RuPay','2024-03-12',318,6159432),(71539251580886,'RuPay','2024-01-23',507,3429430),(71886091359460,'American Express','2023-06-14',867,1959606),(72209400532058,'American Express','2023-08-25',368,3993336),(73466014534667,'Master Card','2023-10-06',632,2803334),(74326740691979,'RuPay','2024-03-08',902,9808204),(74634084094329,'American Express','2024-04-22',435,1644944),(74700649114617,'Master Card','2024-02-21',122,3052316),(74829349101457,'American Express','2024-04-03',329,4532529),(75136602324982,'Master Card','2024-01-10',116,4870480),(75189524804992,'RuPay','2024-04-22',818,8145228),(76063127228821,'American Express','2023-08-18',383,7376796),(77060179407858,'Master Card','2024-03-30',735,6860552),(77702439338618,'American Express','2023-07-13',385,3983212),(78444306772991,'Visa','2024-04-03',813,9058587),(78529908041225,'RuPay','2023-11-13',530,1573909),(78542814516726,'Master Card','2024-03-02',641,6275829),(78567346318644,'Master Card','2023-05-13',413,1737753),(78711269467682,'Visa','2024-03-08',856,8690784),(79464374115445,'Visa','2023-11-01',398,7518758),(80224233741843,'Master Card','2024-01-29',230,7129957),(80328344267602,'Visa','2023-10-16',319,4124029),(80525572969982,'American Express','2024-03-30',137,1897811),(80532704760748,'Visa','2023-06-17',690,1573909),(80872342881919,'RuPay','2023-12-05',810,2803334),(80895324343974,'American Express','2023-10-08',969,8608580),(81078664369161,'American Express','2024-04-09',701,179696),(81593594841229,'RuPay','2023-11-28',701,12087),(81673257883490,'Visa','2023-08-16',788,2575377),(81766000303973,'Master Card','2023-08-18',724,492305),(82259813057222,'Visa','2023-05-18',713,1684156),(82887254331035,'Visa','2023-10-17',576,8050986),(82968776845038,'American Express','2023-05-10',276,7518758),(83007933176152,'American Express','2024-02-27',139,1838432),(83210151644173,'American Express','2023-11-29',321,9757038),(83670003254516,'RuPay','2023-10-21',342,7385746),(84557248732692,'Visa','2023-05-10',461,7867915),(84962628776807,'Master Card','2024-03-13',896,7350554),(85531087387811,'Master Card','2023-11-19',272,1271952),(86250602722067,'American Express','2023-11-21',726,8434318),(86792245079650,'American Express','2023-12-02',330,9336993),(87644853817130,'RuPay','2024-03-20',193,1661821),(88254089511991,'American Express','2024-04-03',736,9008549),(88300529521012,'RuPay','2023-11-14',920,2803334),(88619310014276,'Visa','2023-10-15',959,390981),(90020313168502,'American Express','2023-10-06',375,9839959),(90236576085224,'American Express','2024-02-23',956,5264339),(91582399348378,'RuPay','2024-01-03',875,8608580),(91667737930250,'Master Card','2024-03-13',190,1318866),(92077178074438,'American Express','2023-06-04',589,1271952),(92598488859562,'Visa','2023-08-26',639,8145228),(93930759008222,'American Express','2024-03-28',927,9773160),(94093439664031,'American Express','2023-12-22',294,4192413),(94385185000573,'Master Card','2024-03-19',152,6481419),(94653562719550,'Visa','2023-08-18',940,7349834),(95778700834009,'RuPay','2023-07-15',868,4239823),(96161639103073,'RuPay','2023-07-10',806,3983212),(96865610130844,'Master Card','2023-08-31',202,8608580),(97523380336769,'Visa','2023-05-09',243,9229157),(97575551920442,'RuPay','2024-03-25',241,7150330),(98060860118156,'RuPay','2023-05-27',784,2178185);
/*!40000 ALTER TABLE `debit_card` ENABLE KEYS */;
UNLOCK TABLES;

--
-- Table structure for table `debit_info`
--

DROP TABLE IF EXISTS `debit_info`;
/*!40101 SET @saved_cs_client     = @@character_set_client */;
/*!50503 SET character_set_client = utf8mb4 */;
CREATE TABLE `debit_info` (
  `TRANSACTION_ID` bigint NOT NULL,
  `AMOUNT` int NOT NULL,
  `DATE` date DEFAULT NULL,
  `DEBIT_FROM` bigint DEFAULT NULL,
  PRIMARY KEY (`TRANSACTION_ID`),
  KEY `INFO_DEBIT_FROM_idx` (`DEBIT_FROM`),
  CONSTRAINT `INFO_DEBIT_FROM` FOREIGN KEY (`DEBIT_FROM`) REFERENCES `transaction_hist` (`DEBIT_FROM`)
) ENGINE=InnoDB DEFAULT CHARSET=utf8mb4 COLLATE=utf8mb4_0900_ai_ci;
/*!40101 SET character_set_client = @saved_cs_client */;

--
-- Dumping data for table `debit_info`
--

LOCK TABLES `debit_info` WRITE;
/*!40000 ALTER TABLE `debit_info` DISABLE KEYS */;
INSERT INTO `debit_info` VALUES (10001449,58623,'2020-01-25',4706604),(10043959,386828,'2021-05-21',7717512),(10200783,655420,'2020-06-11',5179462),(10222623,801085,'2021-02-22',637026),(10261071,378755,'2022-04-15',1590099),(10426640,111619,'2020-01-18',2411215),(10436195,492782,'2022-03-28',4698183),(10562378,303848,'2020-02-08',8608580),(10656119,928360,'2021-01-07',2918843),(10674537,820938,'2020-12-11',3146676),(10694778,943503,'2019-07-20',1837923),(10748935,378517,'2020-03-22',2575377),(11143610,328708,'2020-06-25',1250912),(11191625,509229,'2021-09-13',7017139),(11249963,847672,'2021-08-19',362609),(11293136,843338,'2020-10-23',6275829),(11350505,508525,'2019-06-17',9908101),(11390751,442316,'2020-05-07',7780684),(11457905,692792,'2019-07-23',3918139),(11464605,866949,'2021-05-31',7922246),(11483156,292015,'2022-04-14',9160072),(11513924,952615,'2019-07-17',1685359),(11592437,779342,'2020-12-10',9389880),(11780237,395392,'2022-01-21',3052316),(11792621,888057,'2019-05-18',9417292),(11936054,476263,'2019-11-05',1590099),(11942323,821531,'2021-08-25',7780684),(11998912,80777,'2019-10-05',9326982),(12067471,449303,'2022-03-05',5152699),(12090631,132739,'2019-11-04',2269432),(12091236,208765,'2020-12-03',6575388),(12213531,262596,'2021-03-08',3902920),(12223772,444150,'2021-07-27',8235692),(12255603,399372,'2021-07-10',1258930),(12500899,820431,'2022-03-02',179696),(12542425,513791,'2022-04-16',3146676),(12715423,764368,'2019-05-20',4091730),(12783813,521815,'2019-08-31',7026499),(12918930,810890,'2020-10-26',3918139),(12993685,265139,'2019-11-30',3145998),(13002836,337394,'2021-08-04',2318464),(13070892,816814,'2022-03-23',179696),(13150797,696203,'2021-02-06',8056235),(13194639,23002,'2020-05-25',4698183),(13273220,737918,'2021-10-18',4192413),(13423382,955424,'2020-03-29',1899171),(13492043,714302,'2021-01-16',3918139),(13525722,13365,'2021-01-08',1737753),(13572883,876654,'2020-02-05',9866636),(13654897,934024,'2022-03-29',9866636),(13668050,251484,'2020-12-09',6159432),(13739501,850042,'2020-01-06',6275829),(13879940,860895,'2022-04-25',9712150),(14021438,320886,'2021-01-02',675058),(14048008,767130,'2020-06-24',2424723),(14104182,579749,'2021-08-26',1271952),(14146064,76010,'2021-08-17',7129957),(14302936,712700,'2022-03-04',246528),(14354089,562267,'2020-10-21',637026),(14422253,81520,'2021-10-30',1841375),(14498520,755534,'2020-05-20',7349834),(14647066,705817,'2021-11-28',5043493),(14658237,220647,'2020-02-03',1564742),(14664353,356143,'2020-12-04',7644234),(14689012,717033,'2021-03-26',246528),(14690553,243947,'2020-03-29',4870480),(14828058,762110,'2019-10-11',8139971),(14987947,881657,'2019-10-24',8077161),(15105288,707068,'2021-05-14',8473841),(15159257,272366,'2020-04-28',4415539),(15200948,976220,'2021-06-14',995566),(15228711,359850,'2020-01-21',9712150),(15295065,406171,'2020-06-22',9866636),(15440900,332922,'2019-09-03',362609),(15602342,312426,'2021-06-02',390981),(15622224,472734,'2020-12-19',4193349),(15640344,236567,'2020-06-13',5043493),(15711179,111478,'2019-12-04',1959606),(15998533,512368,'2021-01-09',1929590),(16011371,437231,'2020-05-16',7396297),(16194374,227085,'2021-11-08',9229157),(16308755,939223,'2019-11-23',3936276),(16347696,15154,'2021-06-30',1685359),(16438007,247144,'2021-07-14',9008549),(16468596,397438,'2020-02-29',1564742),(16499802,168583,'2022-02-26',6983170),(16522402,104221,'2019-05-13',1758946),(16571730,594228,'2021-11-21',2424723),(16731002,882786,'2020-08-07',5782092),(16816212,312647,'2019-11-03',9229157),(16861292,112830,'2019-09-06',6481419),(17175014,393024,'2021-02-15',508439),(17225045,652063,'2019-05-22',3146676),(17252721,633665,'2021-10-09',4192413),(17325646,907421,'2021-07-11',4029152),(17337600,696779,'2020-05-28',7582719),(17352077,379858,'2022-03-09',3246227),(17534354,529176,'2019-12-22',4698183),(17548245,870286,'2021-01-02',1837923),(17730939,104245,'2020-07-02',2178185),(17973631,63356,'2019-05-05',1023241),(18027427,490157,'2019-06-10',8384408),(18052963,869578,'2020-06-25',1564742),(18158861,316809,'2021-03-17',1573909),(18290898,584606,'2021-08-01',995566),(18410347,33605,'2020-07-26',4029152),(18449442,431529,'2020-02-13',2293622),(18655542,57556,'2020-02-21',7337255),(18782773,426096,'2020-09-09',4706604),(18860586,41986,'2020-09-23',4091730),(18977564,71169,'2019-06-12',1258930),(19217961,886522,'2021-12-31',4482847),(19376338,600985,'2020-06-26',4042524),(19444354,478168,'2020-08-16',1684156),(19487273,290464,'2021-02-04',5037050),(19515443,517814,'2019-11-13',675058),(19564152,818576,'2020-04-27',179696),(19686502,908379,'2020-11-25',8235692),(19852394,552745,'2019-10-14',5043493),(19859436,506201,'2019-12-17',1661821),(19886010,557728,'2021-09-02',9751785),(20019553,412910,'2019-09-04',2803334),(20027996,595716,'2021-11-05',8473841),(20136954,266838,'2020-06-12',12087),(20443376,338916,'2020-01-08',7867915),(20507499,76696,'2020-08-13',1962515),(20540126,224639,'2021-12-04',6481419),(20628650,618457,'2021-03-03',8139971),(20681421,678558,'2020-03-29',8625069),(20775012,224779,'2020-05-11',7726797),(20855052,554478,'2021-10-25',7026499),(20906859,856452,'2020-10-08',5269988),(21051884,304051,'2021-05-25',8050986),(21080360,592734,'2021-02-26',8139971),(21202406,101092,'2020-12-23',7702711),(21254676,717533,'2019-05-22',2069523),(21700234,94788,'2020-12-29',565829),(21731228,64537,'2020-11-26',9839959),(21810730,49547,'2022-04-23',7349834),(21861109,939092,'2020-10-06',4760410),(21956200,78405,'2020-12-11',4841085),(21998853,969196,'2021-06-22',2892243),(22228470,590103,'2021-05-05',3902920),(22246729,949953,'2021-07-28',8145228),(22389509,990336,'2021-04-21',3981433),(22392524,822604,'2019-08-06',3098710),(22532526,873965,'2021-09-21',9757038),(22589549,517558,'2020-09-06',8745956),(22670989,642893,'2022-03-01',6860552),(22880978,640588,'2021-01-31',151755),(22888954,696374,'2022-03-10',9751785),(22896732,911110,'2019-10-06',2178185),(22940781,286646,'2019-12-09',7922246),(22951832,723895,'2022-04-22',9757038),(23088609,610869,'2020-05-21',1644944),(23145228,785698,'2021-08-12',844210),(23232440,592372,'2021-01-17',7922246),(23505297,997063,'2019-08-24',9336993),(23923108,309308,'2020-10-21',5152699),(23961030,695476,'2020-05-04',2424723),(24007743,553479,'2020-09-10',2918843),(24027305,661585,'2020-04-25',8608580),(24190896,328043,'2020-12-24',1884729),(24420972,628774,'2022-04-23',3098710),(24498959,784778,'2019-07-28',3918139),(24516829,859565,'2021-12-11',1590099),(24575395,47892,'2019-12-08',1661821),(24601069,499252,'2020-08-20',1776525),(24617050,378341,'2020-11-03',508439),(24655058,474062,'2021-05-17',2892243),(24744667,756451,'2021-11-30',7726797),(24909723,118124,'2021-02-21',1685359),(24932794,701892,'2022-02-20',4469011),(24936467,321288,'2021-09-04',1899171),(24972537,713259,'2022-03-04',7726797),(24982341,903653,'2020-03-08',5043493),(25083521,963758,'2021-09-30',1758946),(25093813,478230,'2021-04-19',1573909),(25292063,15735,'2021-09-21',2424723),(25415307,355885,'2020-03-19',3052316),(25432804,921242,'2022-01-10',4239823),(25440025,435271,'2021-12-05',3936276),(25532634,443533,'2021-08-19',1884729),(25567528,642970,'2021-09-22',4841085),(25727286,457344,'2019-09-13',844210),(25820393,772486,'2020-03-19',8608580),(25840242,267795,'2020-12-26',5782092),(25925008,238397,'2020-01-05',3053309),(25956244,832558,'2022-01-29',9562009),(26123620,325040,'2021-11-13',9712150),(26269495,482183,'2020-03-21',2738600),(26358088,802036,'2019-07-08',4415539),(26405704,565858,'2019-05-09',4706604),(26411264,574482,'2020-11-23',4239823),(26577000,594615,'2021-03-14',2751941),(26579544,578730,'2021-09-29',4482847),(26597876,934775,'2021-01-14',7708219),(26675705,907307,'2019-11-09',1841375),(26786288,356162,'2020-01-17',3145998),(26836751,298175,'2020-07-28',9863397),(27034501,308402,'2021-04-05',4532529),(27155015,505702,'2022-02-28',1315743),(27365823,514157,'2021-03-26',4841085),(27377880,111089,'2020-04-07',5232918),(27482561,472566,'2019-07-27',6860552),(27507523,180960,'2020-07-31',7851233),(27697640,44862,'2019-09-04',5269988),(27842267,772357,'2021-01-23',3936276),(28018204,890384,'2021-08-28',995566),(28121801,223886,'2020-04-03',4192413),(28230808,918421,'2020-12-15',1318866),(28268200,921470,'2022-03-03',2269432),(28420578,803594,'2021-08-15',178546),(28704747,658018,'2020-02-25',2588180),(28916277,818697,'2020-08-24',6575388),(28970142,853214,'2020-12-24',8332507),(29005436,482904,'2021-09-23',4650177),(29093140,323578,'2021-09-19',5232918),(29150684,261311,'2021-06-11',2424723),(29237248,777230,'2019-10-04',4487735),(29268651,526595,'2021-02-02',9757038),(29463050,2608,'2021-02-03',2262445),(29487840,442757,'2021-02-05',2178185),(29694266,877148,'2019-12-10',8077161),(29708412,251501,'2021-07-12',4183447),(29766931,447042,'2022-02-01',9751785),(29834157,168757,'2022-02-13',8608580),(29969945,106780,'2019-12-29',8745956),(30027633,247372,'2019-05-12',8145228),(30083417,369871,'2021-06-21',9619754),(30101727,878533,'2021-04-18',9941737),(30171554,294485,'2021-07-17',3145998),(30318204,911961,'2020-12-19',7129957),(30349828,615761,'2022-03-29',2269432),(30550180,586687,'2019-08-29',9808204),(30588425,621164,'2020-11-04',9808204),(30606886,260192,'2020-06-07',4706604),(30690530,17621,'2019-09-17',8077161),(30741230,945804,'2022-01-17',7708219),(30746613,791338,'2019-04-26',362609),(30757561,788358,'2019-07-27',9808204),(30767270,637377,'2021-09-18',69443),(30817944,942236,'2020-02-12',1944969),(30882169,339011,'2019-07-03',675058),(30991948,209736,'2019-06-20',7518758),(30993459,982903,'2019-08-06',4016505),(31070584,591639,'2019-06-22',9417292),(31115137,696370,'2021-11-29',3983212),(31169993,646593,'2022-02-20',4305734),(31189189,297315,'2020-03-09',5043493),(31217282,894727,'2022-02-08',3571746),(31383396,148859,'2019-12-13',7350554),(31431035,701319,'2020-10-02',8586319),(31514661,93371,'2020-11-19',2294532),(31645260,597385,'2020-06-26',178546),(31790813,996812,'2021-08-20',844210),(31958156,539569,'2021-09-12',8332507),(31965423,895971,'2021-07-27',9160072),(31977307,144430,'2020-07-30',3378113),(32062121,337512,'2020-10-01',2918843),(32142905,818898,'2020-09-15',565829),(32223083,505110,'2019-10-31',9160072),(32400934,784072,'2020-08-12',1315743),(32403988,508216,'2021-02-01',9326982),(32435033,770819,'2021-05-24',1595198),(32563781,955731,'2021-03-03',4192413),(32643972,476738,'2020-11-16',8608580),(32909006,346023,'2021-12-29',1897811),(32936408,659386,'2021-11-06',8440442),(32962709,123622,'2020-04-10',4183447),(33047354,206503,'2021-09-17',508439),(33093007,277018,'2021-08-30',4029152),(33269670,811963,'2019-08-27',178546),(33711880,282545,'2020-08-03',3052316),(33774530,419605,'2019-11-12',9941737),(34074410,400851,'2021-02-26',390981),(34167330,385255,'2020-12-07',5586888),(34409690,113953,'2022-03-09',9229157),(34451690,41606,'2020-05-28',610572),(34548407,422586,'2019-12-07',1379726),(34805228,633895,'2019-10-25',8904857),(34952141,948747,'2019-07-12',3098710),(35053609,190182,'2020-12-13',3246227),(35142841,953196,'2019-06-09',6481419),(35229471,92756,'2021-11-15',8690784),(35306455,314830,'2021-07-15',7644234),(35551887,491515,'2022-02-04',2932522),(35622032,593765,'2020-08-14',7239570),(35709828,897493,'2019-06-05',4841085),(35727531,270178,'2020-09-19',4029152),(35759455,279900,'2019-11-22',4487735),(35770183,867286,'2020-07-16',1271952),(35794187,744735,'2020-07-28',3053309),(35808911,987215,'2020-06-12',3052316),(35874210,780184,'2019-11-16',9160072),(35920066,377787,'2019-06-06',3981433),(35926084,97183,'2019-11-18',4239823),(36039192,206566,'2021-05-07',4183447),(36108858,197499,'2021-01-21',995566),(36256877,407887,'2021-03-31',4016505),(36257067,327255,'2019-10-25',7017139),(36441760,583069,'2021-06-13',3246227),(36484213,84332,'2021-12-20',7017139),(36520518,301043,'2020-07-07',1929590),(36596607,939291,'2020-12-01',1258930),(36610110,738912,'2020-02-23',7129957),(36621748,656610,'2019-11-30',3993336),(36717092,102800,'2019-08-23',5782092),(36893235,880736,'2021-02-18',1403038),(37171671,282734,'2021-10-19',4487735),(37237505,573389,'2022-01-06',1684156),(37320644,869707,'2021-08-10',5586888),(37381477,919042,'2020-07-18',4415539),(37648032,362174,'2022-04-01',4650177),(37670070,568327,'2019-07-30',1838432),(37709356,465060,'2020-12-26',2751941),(37896554,803946,'2019-11-14',4841085),(37929379,177260,'2022-01-14',7396297),(38003869,822776,'2021-08-20',4016505),(38040396,741525,'2020-10-29',3401158),(38257570,448723,'2021-04-01',381079),(38551850,528714,'2020-12-15',3145998),(38954900,165847,'2019-07-17',8608580),(38979350,487721,'2019-12-05',7726797),(39008237,545408,'2019-06-21',2317027),(39058046,660913,'2021-03-19',1685359),(39189257,651496,'2021-12-17',2932522),(39232430,800440,'2020-08-28',3983212),(39288965,361623,'2021-01-24',1595198),(39292550,845824,'2021-03-22',3981433),(39318848,69892,'2020-09-02',6514593),(39385855,743028,'2022-01-21',4193349),(39524236,981582,'2021-01-01',8745956),(39561921,544145,'2021-05-17',5269988),(39573090,330861,'2021-09-14',6860552),(39647783,907687,'2020-08-25',8745956),(39725953,726496,'2020-12-08',2318464),(39854797,818323,'2020-12-05',3429430),(39878434,704682,'2021-10-20',4487735),(39903471,106583,'2020-09-27',8384408),(40043507,793215,'2022-04-24',675058),(40096380,247424,'2021-07-19',3146676),(40146939,270410,'2019-06-16',7717512),(40152948,538475,'2020-07-06',3401158),(40165473,471719,'2019-06-06',8690784),(40185493,641613,'2021-11-26',390981),(40266552,938370,'2021-01-25',9417292),(40442291,247873,'2020-12-11',8625069),(40656900,80108,'2020-10-24',8625069),(40688977,229883,'2020-04-19',9562009),(40697956,211468,'2021-06-12',178546),(40874479,267333,'2020-01-04',1918206),(40877597,818480,'2020-07-06',5232918),(40970522,660691,'2021-01-01',7376796),(41123696,964987,'2020-08-05',1841375),(41158441,920703,'2020-10-12',8904857),(41434410,530718,'2021-06-10',7780684),(41486405,460449,'2019-09-16',8056235),(41529810,844280,'2019-05-18',4760410),(41591301,490778,'2021-12-03',4482847),(41755901,940822,'2019-12-05',381079),(41923679,169349,'2019-05-18',1573909),(41938103,1572,'2022-01-01',1379726),(42059817,697764,'2020-01-22',9619754),(42065376,266865,'2019-07-11',7867915),(42242610,846490,'2021-07-10',9562009),(42308945,578965,'2021-02-20',7239570),(42466974,23160,'2020-05-01',637026),(42580565,84582,'2020-11-07',12087),(42645756,37708,'2020-01-23',2317027),(42730009,622008,'2021-10-03',5230806),(42738119,317647,'2019-10-16',2892243),(42793052,168890,'2020-06-21',2300567),(42839576,718153,'2020-07-03',1897811),(43037074,534837,'2019-06-22',1897811),(43083918,22190,'2020-10-28',4029152),(43311576,270492,'2020-05-16',9562009),(43373802,695220,'2020-12-04',4305734),(43524802,434661,'2021-12-02',3053309),(43564603,673064,'2020-04-04',1661821),(43598570,884574,'2019-05-08',8477054),(43712587,476229,'2021-04-22',6135005),(43725464,325553,'2021-12-15',2294532),(43852762,806465,'2021-06-03',2237180),(43882849,250686,'2019-09-19',381079),(43900209,740435,'2022-04-18',1684156),(44221364,903968,'2019-12-22',9941737),(44245701,554194,'2021-11-15',5179462),(44259044,404508,'2022-03-10',2300567),(44534220,103382,'2021-06-11',2069523),(44612641,280364,'2020-02-01',8473841),(44686595,561240,'2020-06-21',7129957),(44833080,819998,'2021-03-06',8332507),(45030860,459418,'2020-09-15',4482847),(45066343,141524,'2021-05-14',492305),(45430470,34923,'2019-08-14',7376796),(45643753,825435,'2020-11-04',9712150),(45711219,818370,'2022-02-13',1258930),(45741082,268610,'2021-04-22',8477054),(45952754,711967,'2020-07-20',7726797),(45985730,447368,'2020-05-02',3145998),(45993129,939579,'2020-05-11',1838432),(46059452,270262,'2021-06-23',4124029),(46183763,336061,'2021-11-14',178546),(46193363,497693,'2019-09-15',1918206),(46273603,300529,'2020-01-03',3330896),(46325296,683570,'2019-08-23',3053309),(46367717,347559,'2021-09-26',2237180),(46373517,664405,'2022-03-30',1737753),(46435411,777533,'2021-08-15',4415539),(46594826,923635,'2022-01-16',4042524),(46663944,934233,'2021-12-03',9866636),(46797274,72166,'2020-12-29',7150330),(46909930,392241,'2020-02-04',4706604),(46926308,706505,'2021-04-24',1959606),(46957727,40115,'2019-08-02',1737753),(47058184,469542,'2020-09-23',4192413),(47067495,468770,'2021-03-27',4760410),(47069178,756581,'2020-08-26',9389880),(47135308,351778,'2019-06-02',7726797),(47227528,570668,'2022-03-02',2237180),(47397963,310090,'2020-03-27',4124029),(47476528,43011,'2021-09-25',4305734),(47502899,807064,'2020-07-02',4482847),(47546096,287021,'2021-06-09',8434318),(47783369,493250,'2019-05-27',7396297),(47882837,791799,'2019-05-13',6275829),(48057191,948347,'2020-05-31',1944969),(48063768,570221,'2021-09-09',1685359),(48115029,386787,'2020-02-07',1318866),(48310654,334104,'2019-06-11',8235692),(48318501,770751,'2019-05-08',1403038),(48386848,798604,'2020-09-15',8625069),(48575095,125279,'2019-11-06',8586319),(48599568,878749,'2021-11-22',1644944),(48767443,448356,'2019-10-16',6514593),(48774896,316507,'2021-03-15',4402328),(48847348,760740,'2019-10-03',4029152),(48901739,839738,'2019-12-10',3098710),(49020245,774802,'2019-12-19',8745956),(49083129,8577,'2021-04-08',610572),(49225564,652832,'2020-07-09',7780684),(49234503,127866,'2020-02-17',4760410),(49243608,800141,'2021-04-22',4415539),(49319261,535559,'2020-11-22',9229157),(49321000,55648,'2020-10-20',9908101),(49323448,739400,'2021-06-05',2317027),(49383813,191536,'2021-11-23',3246227),(49405316,707907,'2020-10-07',4124029),(49502290,969848,'2020-04-24',9866636),(49696348,917344,'2021-01-22',4029152),(49808445,945092,'2021-08-23',4402328),(50328187,851287,'2022-02-14',1899171),(50820748,853843,'2020-02-24',4091730),(50982914,131776,'2021-08-08',390981),(50994287,114122,'2020-09-30',8235692),(51099141,770866,'2021-09-08',9562009),(51170646,786175,'2021-03-22',6459891),(51277945,587577,'2020-10-09',9058587),(51358320,260021,'2021-01-13',7922246),(51395239,796389,'2019-10-12',9863397),(51637114,243186,'2019-11-01',7644234),(51722910,720712,'2021-04-10',4870480),(51730689,407637,'2021-08-06',5152699),(52028219,9043,'2019-07-30',637026),(52099803,98590,'2019-05-11',2751941),(52284264,750144,'2021-05-21',3918139),(52316672,219917,'2020-10-11',4239823),(52421175,325377,'2019-12-10',1854551),(52450287,895190,'2019-12-26',1684156),(52494530,234659,'2020-02-25',8690784),(52564726,568896,'2019-09-20',1271952),(52650889,917050,'2021-02-19',1685359),(52654929,357892,'2022-01-23',5264339),(52724470,802248,'2021-08-28',5021287),(52901436,558063,'2021-06-21',5179462),(52919792,503232,'2021-05-10',5279276),(52994011,307727,'2020-03-08',844210),(53070952,537241,'2019-05-09',6860552),(53263797,836375,'2019-12-21',7129957),(53368952,71227,'2022-01-25',3571746),(53423484,864828,'2021-09-13',6342025),(53516357,158124,'2020-01-31',1959606),(53609022,999265,'2020-08-20',9417292),(53611477,812987,'2020-09-26',5264339),(53659234,634474,'2020-10-05',2294532),(53772249,992819,'2020-05-20',1929590),(53866824,548647,'2019-05-02',9808204),(53884084,361114,'2019-10-15',1884729),(53937702,496989,'2019-09-18',1959606),(54003848,237703,'2020-03-01',8077161),(54159543,475003,'2020-09-22',4042524),(54337833,918810,'2021-12-15',3429430),(54355438,820253,'2020-02-29',1962515),(54377850,731118,'2021-04-14',565829),(54495953,694474,'2020-04-22',6860552),(54604950,179658,'2019-06-05',69443),(54792947,528040,'2019-11-17',8235692),(54847479,649655,'2020-01-07',5279276),(55057696,931834,'2020-04-17',9389880),(55097749,580869,'2020-09-13',1250912),(55115210,665891,'2020-06-08',9757038),(55123492,655754,'2021-04-27',5586888),(55171713,974815,'2021-07-28',151755),(55189561,299792,'2021-06-03',8690784),(55392556,954067,'2021-02-19',4532529),(55438548,610370,'2021-09-28',8077161),(55539855,142490,'2022-03-05',1758946),(55587657,347067,'2020-07-20',1403038),(55736145,519043,'2019-08-21',4848230),(55814727,510075,'2019-06-16',1962515),(56102494,687783,'2020-06-18',1685359),(56156648,340787,'2019-05-02',7198077),(56176652,611047,'2020-04-29',8077161),(56220586,697855,'2021-07-21',3660685),(56269999,992861,'2020-01-06',9389880),(56333692,818859,'2021-04-10',381079),(56355820,88450,'2020-11-01',179696),(56359277,215470,'2021-03-25',5269988),(56639912,943092,'2020-02-20',7708219),(56658635,320328,'2019-10-24',7851233),(56715733,383378,'2021-10-31',8473841),(56993606,938623,'2021-12-01',1403038),(57087411,990765,'2019-08-07',7129957),(57093984,341274,'2019-07-18',6514593),(57106259,815100,'2019-09-29',4841085),(57139563,946505,'2021-02-16',4239823),(57197766,760135,'2020-03-01',7150330),(57242603,771349,'2021-06-06',9229157),(57407453,381339,'2021-05-27',9908101),(57439447,140762,'2019-09-04',5782092),(57494148,254804,'2019-09-07',637026),(57501231,336223,'2019-09-26',7239570),(57570443,649754,'2020-02-29',4042524),(57608929,350069,'2020-08-05',5043493),(57641131,543617,'2019-08-18',9058587),(57866151,229537,'2020-02-06',7644234),(57898193,989173,'2020-03-20',9751785),(58017029,119898,'2021-10-31',8384408),(58168300,174448,'2019-12-19',7708219),(58196937,631115,'2022-03-12',9808204),(58447971,890337,'2019-11-14',3401158),(58558224,559721,'2019-08-12',1899171),(58683738,890466,'2021-09-03',2751941),(58707318,879140,'2022-04-02',4402328),(58712857,681842,'2022-04-16',7376796),(58833250,212160,'2021-04-20',1959606),(58865953,290234,'2021-01-14',2178185),(58904175,894234,'2021-06-17',2588180),(58925144,486277,'2022-01-21',1737753),(59005492,978268,'2020-02-24',9866636),(59181478,74304,'2021-06-08',7644234),(59253951,933139,'2021-04-11',3902920),(59297531,789062,'2021-10-31',8586319),(59448411,479472,'2022-02-21',1776525),(59546389,470573,'2020-01-15',7385746),(59591621,171313,'2020-01-23',246528),(59719144,132063,'2021-01-01',8473841),(59763741,371357,'2019-12-07',8586319),(59834593,179908,'2022-04-05',9839959),(59894481,542178,'2021-12-14',8625069),(60001305,726995,'2020-11-10',2294532),(60136660,229795,'2022-01-12',9160072),(60278824,452842,'2022-03-10',6275829),(60295246,52610,'2020-12-21',9562009),(60295931,988522,'2022-03-13',1564742),(60383618,705494,'2021-02-22',8586319),(60394935,908365,'2019-06-27',69443),(60436679,960413,'2019-08-25',3394107),(60440439,837273,'2020-05-20',6369571),(60448012,783470,'2021-03-27',69443),(60617332,321933,'2020-10-31',3660685),(60680580,419957,'2020-02-07',6481419),(60716751,992173,'2020-05-20',1897811),(60772759,102206,'2022-02-19',1776525),(60834032,51846,'2021-08-12',4482847),(61033966,860275,'2020-09-24',3981433),(61039019,327939,'2020-02-10',8440442),(61148537,268267,'2021-01-11',1838432),(61180342,215393,'2021-10-01',8608580),(61227393,115864,'2019-08-05',1962515),(61271023,207824,'2019-06-26',9863397),(61316991,482731,'2021-07-15',8440442),(61511307,480851,'2022-02-20',1684156),(61519928,798737,'2021-12-17',3394107),(61552052,14174,'2022-03-25',2286618),(61569183,24944,'2021-04-29',4760410),(61572645,181302,'2021-05-20',7582719),(61590132,403270,'2020-03-04',4532529),(61596375,398380,'2021-11-04',2803334),(61602036,304347,'2021-04-18',3429430),(61640150,107050,'2021-08-06',6680960),(61751790,227171,'2019-09-04',4698183),(61865773,417398,'2021-02-23',3052316),(61916856,996496,'2019-08-25',5152699),(61974174,106168,'2020-08-20',844210),(62107591,739117,'2022-04-19',5279276),(62457018,189250,'2020-03-01',1685359),(62487432,602032,'2019-05-02',1318866),(62614256,837822,'2020-11-26',1897811),(62657035,619941,'2020-02-23',5264339),(62818646,657694,'2021-03-02',3378113),(62820529,503427,'2021-12-23',1023241),(62821412,750024,'2022-04-03',8145228),(62835952,967995,'2021-09-22',1841375),(62881447,933823,'2020-05-23',7129957),(62981187,203694,'2022-01-05',4193349),(63008359,849160,'2019-09-05',7644234),(63115349,574402,'2019-06-06',610572),(63153080,24403,'2019-06-09',6342025),(63224097,242533,'2020-09-11',8050986),(63291991,704556,'2021-08-14',3660685),(63388664,300274,'2020-12-18',2294532),(63404364,475884,'2021-08-23',9863397),(63544723,380055,'2020-07-14',9336993),(63592946,240035,'2021-07-30',4305734),(63712500,932522,'2021-06-25',1661821),(63719180,810370,'2021-11-13',1897811),(63785018,911297,'2021-08-12',9941737),(63932839,862433,'2019-05-25',1776525),(63944065,937199,'2021-12-04',9773160),(63983207,636920,'2021-12-13',4482847),(64021174,179925,'2021-11-14',5232918),(64471180,804998,'2020-02-05',7385746),(64479357,997132,'2019-12-18',3902920),(64756103,246590,'2020-02-27',4415539),(64834081,751076,'2019-06-08',8139971),(64846673,556685,'2020-09-20',8145228),(64856203,96608,'2019-11-05',8434318),(65140902,620844,'2020-08-03',9417292),(65142894,981303,'2021-01-09',2317027),(65246514,392835,'2020-03-24',1929590),(65264842,255367,'2022-02-26',1841375),(65304178,279438,'2021-02-25',7150330),(65313277,723336,'2021-09-13',8745956),(65412621,408288,'2020-07-14',3330896),(65474059,182030,'2020-04-21',9562009),(65507521,348645,'2020-10-28',12087),(65552431,143918,'2020-08-21',8745956),(65688252,385161,'2020-05-11',3429430),(65699923,822052,'2021-03-12',1573909),(65915755,335757,'2020-03-27',390981),(66114985,198195,'2022-04-18',5232918),(66171794,860156,'2019-06-28',2932522),(66244191,563098,'2019-05-04',7017139),(66293203,190190,'2021-07-02',9562009),(66564997,964561,'2021-12-04',1959535),(66679816,665765,'2020-07-13',5021287),(66784065,327932,'2020-01-25',1962515),(66857764,445741,'2020-09-12',7702711),(66949956,720485,'2021-01-18',2803334),(67094547,345322,'2020-07-05',2751941),(67176315,845480,'2020-03-19',362609),(67286539,259252,'2021-10-13',1271952),(67300870,651718,'2021-06-16',2932522),(67401351,683452,'2021-01-09',7385746),(67696545,186469,'2019-12-20',69443),(67728870,667710,'2020-04-10',9336993),(67896905,875660,'2021-10-05',5232918),(68076849,375003,'2020-10-13',6680960),(68220789,429483,'2019-12-02',6514593),(68253867,497374,'2021-03-01',565829),(68382745,993024,'2020-08-04',1758946),(68405765,250036,'2021-08-12',995566),(68444196,393709,'2021-04-29',7026499),(68517286,910695,'2020-09-21',1837923),(68576973,216422,'2019-11-21',8434318),(68656105,332362,'2021-09-10',381079),(68815201,916492,'2021-10-19',9941737),(68918296,861180,'2019-11-22',7726797),(69097430,410703,'2022-01-28',2262445),(69116378,268439,'2020-09-11',5179462),(69210185,327992,'2021-03-10',6275829),(69366090,801681,'2020-06-08',1271952),(69610609,996510,'2021-11-21',8077161),(69613148,402244,'2020-08-19',637026),(69614773,189853,'2021-06-07',8745956),(69665235,587897,'2020-04-11',179696),(69800003,935579,'2021-10-20',7337255),(70052284,532215,'2020-12-09',637026),(70305808,700730,'2021-10-25',8434318),(70489136,947801,'2020-12-07',8440442),(70505496,577025,'2019-08-05',2424723),(70528422,101626,'2021-10-21',3981433),(70547219,979005,'2019-10-24',7349834),(70719072,250097,'2021-10-10',5179462),(70814973,470679,'2020-01-14',8608580),(70838181,266718,'2020-05-11',6275829),(70857771,483513,'2019-06-03',2293622),(70985623,964829,'2019-10-10',7396297),(71109534,808737,'2021-09-16',3936276),(71138995,838669,'2021-04-08',1737753),(71257285,281385,'2020-03-06',8473841),(71399904,986898,'2021-11-11',1918206),(71503940,674809,'2021-04-24',362609),(71514844,292897,'2020-12-05',6680960),(71823049,259540,'2022-02-15',9562009),(71823824,176357,'2020-11-03',1897811),(71851302,98142,'2021-02-27',3145998),(71889497,239670,'2021-07-15',7396297),(71903607,643592,'2021-10-06',7518758),(71914808,303312,'2021-08-31',9417292),(71967008,194510,'2021-08-31',3918139),(72252493,719146,'2021-02-05',1837923),(72404044,773942,'2022-03-06',7518758),(72459457,669145,'2021-07-28',1573909),(72517260,782241,'2019-11-03',9160072),(72681537,475474,'2020-03-14',4698183),(72682164,294848,'2020-07-27',8608580),(72767330,689090,'2021-07-11',4305734),(72837374,750698,'2021-02-09',7780684),(72924518,143361,'2019-04-28',5264339),(73025721,369960,'2019-10-21',3146676),(73035920,512469,'2020-07-08',246528),(73095011,662152,'2019-11-15',8608580),(73170616,699257,'2021-03-10',3981433),(73179900,263491,'2021-03-20',1737753),(73331684,539830,'2020-04-22',7595690),(73398813,492601,'2020-03-27',5021287),(73412105,831820,'2020-01-25',3378113),(73552074,526366,'2021-10-23',1023241),(73587806,885695,'2019-08-24',12087),(73671214,686789,'2020-12-12',381079),(73714778,481473,'2021-06-13',1758946),(73752111,102502,'2020-05-12',5232918),(74047244,599270,'2020-09-27',1962515),(74049995,667832,'2021-01-24',9757038),(74230158,135206,'2020-02-22',7239570),(74379656,943660,'2021-05-28',9757038),(74506576,476556,'2021-09-18',1379726),(74555794,767775,'2020-08-14',2751941),(74559493,883299,'2019-11-29',9808204),(74677441,677594,'2020-02-20',995566),(74845543,287422,'2020-02-14',9389880),(74890767,352164,'2021-07-06',390981),(74926912,569038,'2021-12-19',1959535),(75095450,559803,'2021-11-19',9839959),(75197210,943424,'2021-11-20',1854551),(75211607,502272,'2019-04-29',1573909),(75274671,907031,'2021-11-15',3401158),(75294950,563519,'2020-05-25',6983170),(75420304,546922,'2022-03-15',2237180),(75611367,590561,'2021-03-19',4016505),(75892169,819294,'2021-11-12',7851233),(75910153,97443,'2019-10-03',1595198),(76054754,561548,'2021-06-27',7150330),(76101730,409127,'2020-11-23',7349834),(76243889,365106,'2020-06-02',6860552),(76341822,877919,'2020-05-11',8434318),(76539871,935646,'2021-12-28',7851233),(76709310,797561,'2020-01-30',4487735),(76823073,74163,'2020-01-18',7851233),(76830482,308897,'2019-12-31',2575377),(76910675,565724,'2021-05-08',9229157),(77008916,551562,'2020-07-05',1837923),(77117462,738485,'2021-02-02',2293622),(77178041,341123,'2022-03-08',5230806),(77183095,533100,'2019-11-16',4650177),(77252168,100184,'2021-05-31',7595690),(77276036,57308,'2019-06-04',5782092),(77340322,971600,'2019-05-31',7017139),(77431448,71049,'2019-05-23',1962515),(77453463,192111,'2022-01-21',8145228),(77548888,292180,'2019-12-20',8145228),(77596209,130609,'2021-11-16',2237180),(77907439,985621,'2019-06-05',7518758),(78011012,855533,'2019-11-18',3330896),(78012360,446991,'2021-02-17',1884729),(78037094,539727,'2020-12-21',7350554),(78098043,180415,'2021-01-05',8608580),(78108717,53924,'2019-06-17',610572),(78152362,953958,'2020-06-13',9160072),(78318210,37587,'2022-02-26',4091730),(78346614,358717,'2019-05-24',2751941),(78421511,606312,'2021-06-13',7385746),(78524487,422073,'2019-12-10',2069523),(78707593,469163,'2020-03-26',1918206),(78905721,657353,'2021-08-06',4848230),(78936721,933340,'2021-10-30',3146676),(78986889,790307,'2019-12-09',2286618),(79031062,240220,'2022-04-04',9751785),(79067824,43081,'2019-08-21',9773160),(79068873,650963,'2019-10-06',6275829),(79267080,506057,'2019-05-24',7702711),(79293226,476945,'2019-12-26',3429430),(79317090,850772,'2020-05-25',5043493),(79432706,161509,'2021-01-06',4193349),(79478898,38382,'2020-11-13',151755),(79575695,989865,'2021-09-23',4841085),(79577751,89297,'2020-01-09',8440442),(79612033,861643,'2022-04-03',2286618),(79795759,107050,'2019-12-05',1403038),(79935626,965733,'2020-08-08',8608580),(79936986,537647,'2020-01-13',2317027),(79980910,589859,'2019-06-06',1944969),(80171610,212813,'2020-09-29',8477054),(80195209,923362,'2020-11-12',4469011),(80218742,284029,'2020-09-30',5232918),(80310200,708053,'2022-01-16',7337255),(80380017,318562,'2020-12-28',6692293),(80526266,782160,'2021-02-21',2892243),(80641316,457013,'2019-11-15',9229157),(80682921,654427,'2020-10-03',6680960),(80753432,83976,'2020-12-28',6575388),(81027117,912490,'2021-09-29',7595690),(81136775,479823,'2020-05-29',362609),(81297969,252952,'2021-03-23',9712150),(81309905,290475,'2021-10-02',8145228),(81423789,17147,'2021-08-15',7717512),(81659039,861643,'2021-12-01',4482847),(81797341,50248,'2022-04-13',2317027),(81820178,540463,'2022-01-17',7644234),(81872778,522972,'2021-02-21',7780684),(82212545,669820,'2020-08-02',5782092),(82276669,91380,'2022-03-15',7150330),(82321529,540615,'2021-01-25',3401158),(82323064,163119,'2019-05-16',4841085),(82399676,574688,'2019-07-27',390981),(82517730,938298,'2020-01-03',3936276),(82742328,24347,'2021-06-02',4193349),(82757419,72054,'2020-06-15',4487735),(82972908,889796,'2022-04-02',6680960),(83058474,671854,'2019-11-24',6369571),(83140824,993852,'2020-09-03',7396297),(83247526,195420,'2021-12-10',6369571),(83330351,819913,'2020-07-09',7017139),(83332092,85490,'2019-05-09',6860552),(83510043,351468,'2020-08-10',2411215),(83554397,404066,'2019-06-24',1315743),(83614204,477595,'2022-03-05',2300567),(83669216,909643,'2020-04-04',9326982),(83720971,530655,'2022-01-09',7518758),(83947603,717596,'2019-07-29',7385746),(83959953,773850,'2019-09-27',1918206),(83969427,781138,'2021-12-07',3330896),(84398538,321395,'2021-08-09',6159432),(84488538,344937,'2022-01-29',3401158),(84507036,101068,'2021-09-12',492305),(84580590,167904,'2020-09-07',7644234),(84656227,26456,'2020-03-13',7708219),(84671572,926649,'2020-10-27',637026),(84917142,129721,'2020-03-14',5678611),(85060726,881273,'2021-12-08',1684156),(85090534,483923,'2020-12-23',2300567),(85191975,176261,'2019-06-27',6369571),(85336799,505474,'2019-07-23',5678611),(85353446,292244,'2020-01-22',6275829),(85358852,952698,'2022-04-12',9808204),(85421698,201263,'2021-08-13',5269988),(85486193,372457,'2020-07-31',3902920),(85521698,277109,'2020-03-18',7026499),(85554755,638869,'2021-11-07',5232918),(85722864,251267,'2022-02-03',8586319),(85735386,881243,'2019-08-08',2318464),(85738836,922360,'2019-05-11',246528),(85790015,57510,'2021-03-08',3993336),(85817029,450673,'2021-05-26',4532529),(85883260,476295,'2021-11-12',1897811),(85887964,478068,'2019-10-31',1258930),(85921318,747310,'2020-06-27',6459891),(86024370,817451,'2021-04-06',8056235),(86044849,524913,'2019-09-05',6135005),(86117973,400090,'2019-08-31',9562009),(86196762,286854,'2022-02-05',4532529),(86196964,200130,'2019-11-19',8586319),(86687852,105706,'2021-12-13',381079),(86869787,555849,'2021-10-11',3571746),(86984507,884356,'2021-11-18',1661821),(87077364,996078,'2021-08-21',8139971),(87232909,298913,'2021-02-18',151755),(87249807,845822,'2021-06-27',4192413),(87496838,382026,'2021-10-23',1962515),(87501697,160553,'2020-03-23',3053309),(87519649,635949,'2020-05-10',1595198),(87564626,433153,'2020-10-26',565829),(87645204,248360,'2021-05-16',8434318),(87729981,320020,'2020-03-18',1023241),(87911951,997909,'2020-11-07',3330896),(87954636,188963,'2020-02-01',9908101),(88016199,355510,'2022-01-08',7350554),(88028704,370462,'2021-12-02',7350554),(88112472,132573,'2019-07-30',4532529),(88330588,278960,'2020-08-28',1854551),(88427223,12047,'2020-01-16',1564742),(88471359,591101,'2021-02-19',1959535),(88486111,244821,'2020-11-14',6983170),(88586136,475834,'2019-05-14',4848230),(88795358,164080,'2022-04-15',9229157),(89077699,304138,'2021-07-19',2575377),(89109324,196472,'2019-08-01',6135005),(89220327,425574,'2021-01-07',8440442),(89472580,299027,'2021-09-22',6514593),(89668066,760267,'2022-01-22',8050986),(89733860,259611,'2019-12-03',2803334),(89764266,915143,'2020-10-27',1918206),(89770210,542990,'2019-06-03',2300567),(89884360,799566,'2019-05-29',6514593),(89907587,258960,'2020-07-20',1564742),(90200178,473486,'2021-11-16',7922246),(90276106,358453,'2021-07-18',2892243),(90356290,586240,'2020-12-08',637026),(90557978,329762,'2022-04-01',4698183),(90576887,497965,'2020-05-15',7239570),(90626456,712827,'2020-06-25',9326982),(90865477,627506,'2019-08-17',6680960),(90886462,940236,'2021-06-24',3571746),(91058992,254358,'2020-05-15',7726797),(91091211,167837,'2021-05-10',4650177),(91143196,650191,'2020-11-12',4469011),(91147047,469693,'2022-02-03',7708219),(91182619,153648,'2020-07-22',9229157),(91209995,94286,'2021-07-12',1250912),(91259322,706266,'2019-08-04',9773160),(91321363,436213,'2021-05-28',5586888),(91337849,424134,'2020-06-08',1776525),(91574049,218376,'2019-11-17',362609),(91612927,523720,'2021-09-16',7518758),(91669162,924535,'2019-06-24',508439),(91783109,575119,'2021-04-21',2269432),(91829118,928571,'2019-05-12',492305),(91924751,506907,'2021-11-27',8139971),(91958934,128615,'2021-08-20',7026499),(92050668,709964,'2020-12-09',7017139),(92186395,822437,'2021-11-11',7350554),(92231622,694705,'2021-02-14',1595198),(92252221,320484,'2022-04-25',1758946),(92418980,553347,'2021-05-13',7239570),(92430303,912022,'2020-07-31',7337255),(92489067,747898,'2020-02-15',6481419),(92763829,944893,'2021-06-10',675058),(92764002,563310,'2021-01-18',1854551),(92815543,736603,'2019-09-02',4650177),(92950791,740835,'2021-08-08',9908101),(93029363,875824,'2021-09-03',8050986),(93065189,286743,'2021-03-12',3660685),(93119418,731883,'2021-01-16',1841375),(93164118,899152,'2021-06-06',6575388),(93192167,323531,'2021-09-27',1684156),(93227192,839485,'2021-11-17',1899171),(93260825,341343,'2020-10-16',1841375),(93438178,322777,'2019-05-17',4706604),(93610160,170268,'2022-03-04',1564742),(93832991,671137,'2019-06-23',4487735),(93932503,818792,'2022-01-05',8690784),(93940130,926107,'2021-02-14',3053309),(94032252,548890,'2021-12-06',3981433),(94103458,127998,'2021-04-25',1271952),(94328012,661461,'2020-08-15',5152699),(94367363,529364,'2021-10-31',8332507),(94434323,258041,'2020-11-19',7376796),(94438841,923749,'2019-10-02',1573909),(94500858,601107,'2021-09-22',2069523),(94701962,7660,'2019-09-07',1315743),(94708044,165196,'2019-07-05',6860552),(94926174,206078,'2022-03-21',4192413),(95433585,786721,'2022-02-24',9417292),(95464578,171931,'2020-01-10',9757038),(95635665,921609,'2019-11-03',8477054),(95769396,416936,'2020-03-05',1838432),(95904019,771455,'2020-05-07',7726797),(95923458,852646,'2021-12-01',4402328),(95966435,242387,'2022-02-07',3378113),(96039343,307991,'2020-04-16',8434318),(96100723,632083,'2022-04-20',7198077),(96204485,786013,'2021-12-23',2424723),(96337870,853142,'2021-02-23',1841375),(96434260,74896,'2020-05-10',4870480),(96459735,241399,'2022-01-31',1918206),(96543897,650258,'2021-01-26',1854551),(96628678,110237,'2022-02-26',3401158),(96772054,383469,'2021-05-06',1944969),(96818160,886121,'2022-01-28',7780684),(96972480,416111,'2020-12-19',8050986),(97108544,503721,'2021-08-15',492305),(97246852,338448,'2020-05-24',6983170),(97313861,237426,'2021-03-30',1959606),(97358252,705664,'2021-02-19',6459891),(97467100,584290,'2021-08-10',9712150),(97550976,929996,'2021-08-10',637026),(97728794,528937,'2022-04-11',6860552),(97755924,669473,'2021-06-20',6159432),(97848512,178000,'2020-02-22',362609),(97963063,624564,'2019-07-13',4469011),(98194670,840220,'2021-03-17',3378113),(98433175,984443,'2019-10-05',1758946),(98435463,663594,'2021-09-16',1918206),(98468502,593628,'2019-06-09',7017139),(98469089,965948,'2020-06-17',8145228),(98566020,130748,'2020-06-07',1023241),(98911616,340681,'2019-10-10',1837923),(98998676,638240,'2022-04-17',5586888),(99019353,101093,'2020-03-26',7780684),(99193278,509321,'2020-06-12',1318866),(99398295,592024,'2022-02-14',7337255),(99472763,52351,'2020-10-02',7017139),(99534302,526739,'2022-01-23',4415539),(99596048,740502,'2021-12-19',7582719),(99630946,802784,'2021-10-04',2069523),(99743081,983678,'2021-03-02',8625069),(99762939,836131,'2020-03-22',8077161);
/*!40000 ALTER TABLE `debit_info` ENABLE KEYS */;
UNLOCK TABLES;

--
-- Temporary view structure for view `emp_details`
--

DROP TABLE IF EXISTS `emp_details`;
/*!50001 DROP VIEW IF EXISTS `emp_details`*/;
SET @saved_cs_client     = @@character_set_client;
/*!50503 SET character_set_client = utf8mb4 */;
/*!50001 CREATE VIEW `emp_details` AS SELECT 
 1 AS `name`,
 1 AS `age`,
 1 AS `gender`,
 1 AS `designation`*/;
SET character_set_client = @saved_cs_client;

--
-- Table structure for table `emp_login_info`
--

DROP TABLE IF EXISTS `emp_login_info`;
/*!40101 SET @saved_cs_client     = @@character_set_client */;
/*!50503 SET character_set_client = utf8mb4 */;
CREATE TABLE `emp_login_info` (
  `EMPLOYEE_ID` int NOT NULL,
  `USER_ID` int NOT NULL,
  `PASS` varchar(25) NOT NULL,
  UNIQUE KEY `EMPLOYEE_ID` (`EMPLOYEE_ID`,`USER_ID`),
  CONSTRAINT `emp_login_info_ibfk_1` FOREIGN KEY (`EMPLOYEE_ID`) REFERENCES `employee` (`EMPLOYEE_ID`)
) ENGINE=InnoDB DEFAULT CHARSET=utf8mb4 COLLATE=utf8mb4_0900_ai_ci;
/*!40101 SET character_set_client = @saved_cs_client */;

--
-- Dumping data for table `emp_login_info`
--

LOCK TABLES `emp_login_info` WRITE;
/*!40000 ALTER TABLE `emp_login_info` DISABLE KEYS */;
INSERT INTO `emp_login_info` VALUES (8964,3597,'5d2pVM0NEFqQ'),(11359,2849,'Y14yfcVh'),(21866,8617,'nJeWNVZtY'),(22026,5483,'JhhZ4CsN'),(25670,3599,'wbOYYxB'),(31935,2240,'CDCwnq'),(38643,7140,'i4lSPD1ZYLD'),(40605,2686,'BMPkAP'),(42487,3677,'8IqHfWZ'),(42791,9870,'Z5CkKe0kYpS'),(44250,8150,'A36FwtayqV'),(45134,9084,'53R9n9rjJq'),(47499,1768,'AwjRRfKvmfB'),(50697,6363,'VyRDbrGgTPm'),(53103,2796,'R92U5m'),(65577,1377,'xefvVFerieZ'),(78764,6301,'5fwnNy'),(80168,1940,'nCEeCIPLGfHG'),(80735,3981,'yNCnfj'),(82617,8238,'0sKnuQq'),(86333,3517,'vCQRq2uFC0l'),(87525,4222,'XEFheutkc'),(97385,2785,'YYtztmt4vqA'),(101893,6557,'hiOlPLwSc1'),(106588,1666,'5FNOHOzyixgT'),(109500,8806,'5z7oMjC'),(118401,8412,'sWQ4SsT'),(121659,6688,'ajsTOznHwE'),(131609,2522,'YkjNB2Hr0'),(134000,5977,'rOgBQTjfET'),(135241,7479,'aC6Yhw1tLKJD'),(138729,5752,'LcG2ulkf'),(142014,8498,'Noh6GHAgnF'),(146951,7181,'UwhLIDDwytO'),(149024,5602,'d2RGdYo4C'),(151831,7566,'oEUuCW'),(153693,1076,'SIWvknYsT'),(161607,7440,'t5V3OSRU'),(162545,6170,'bP2wTwmguJ'),(164509,5370,'rloN7wC'),(165977,8604,'ANlzh3v'),(168758,7610,'wiOuGCyI0'),(176891,5087,'TQ9YVrt6n'),(180880,5491,'xjiTu3'),(181179,4059,'O9Gpxp7YW'),(184532,3663,'zff32i3Fb23'),(185459,3991,'oYfqVa9EbJsa'),(193791,7604,'N3QIWagLKhk'),(195297,7080,'eiqQBM'),(203099,6432,'sHTx2VbPC'),(207798,2733,'r16I5PR'),(214198,2433,'JPtqxoxCFoGY'),(221503,3008,'TJTPrquxUe'),(232713,9881,'W3F85nkR'),(235710,4999,'IKjqRxuIVlBJ'),(238327,3029,'II4OFBygMFg3'),(241320,9401,'Yi05H0bWw'),(251011,5035,'KdCwxH6'),(259860,8442,'hFqGM6bxKr4'),(265175,1805,'QiCqVHRf'),(266124,6964,'NZFz4hB7iFo'),(283756,3820,'dgkj0N'),(288317,6888,'kEo7FTAbkau'),(291138,2784,'hoy851VK37'),(306245,3743,'7zQp4Sv9qVJ'),(309257,1608,'jVCqgl'),(309652,3344,'vhi2LALak'),(313846,2457,'U0dvfgi8mKC'),(314950,8973,'HJRH5ENRtq4'),(317573,6778,'UN6mQK'),(327562,9232,'R6nJUBzAcIU'),(332470,8244,'kx2ZGZkkXK'),(334660,9305,'GqlH4h'),(340981,5857,'HpapAu9'),(348197,5073,'jmB05xbm'),(357151,5868,'aVYuBAiHajC'),(358444,4804,'zckeCFdnF9E'),(361220,3981,'u1qBOY6AlZU7'),(361278,3101,'7VQZ8Rp'),(363479,9030,'6CNRlS5mIGl'),(365169,5974,'1yjzEMVg'),(368193,9465,'XXPaioHhCYo'),(369545,8085,'CDrlk46wFhvt'),(371268,8177,'uCBrZHci'),(374357,1762,'ezghjhZXQ'),(377320,2662,'7MwvYNo0Jaqh'),(399750,2241,'m7sJjKw1dlQ'),(400742,2826,'7jp4XSRNb'),(401824,8832,'38UlvgBLM'),(403295,5162,'WxTsuL6lV0N5'),(405367,5429,'Azi4sqkcOYJW'),(405860,6551,'WqRziSg'),(410117,8571,'je0aRF'),(450041,3295,'1UWMAgpidt'),(451837,4423,'Jq0BTU33I'),(454184,3422,'nttP5bwVI7nk'),(458158,5556,'ivt78CrKEnV'),(492489,2832,'MLkjc2EGZz'),(496724,9002,'v0OZtk81IOyn'),(500366,2527,'tkIAv9mFh7'),(500799,5518,'IFjSLnca'),(514164,9705,'MpfwkHDAkt'),(518827,2857,'W1EIBEcD2Ut'),(531567,4933,'CkYA1Bq7w7'),(544109,8989,'ROOKJQOd8'),(545223,9469,'DiazA5XhgZlj'),(559787,6107,'7qieog'),(560774,1848,'95Kn8yEHkn0'),(569525,4875,'OLichbv'),(573673,4039,'Lzhn4l'),(574734,9817,'OXIdJ8Sr8B2'),(577224,8138,'rxV6b6X1344Q'),(583525,7288,'v7Uj1W'),(584915,2800,'tSjEwDehs'),(598461,1555,'jocLSZWz'),(599494,3753,'eO9fWtOSAK9C'),(611538,9334,'ZfSR8WK3'),(611775,3579,'jumHrB'),(624352,4110,'y1kj1DscF'),(630616,9753,'SF5b7kIIl'),(632612,9252,'gyh7LykHtOB6'),(637307,2211,'OCbST0cTb'),(642659,1808,'Jq3KtaLgRL7'),(643207,5023,'lf3yjF'),(647220,2215,'bZXtQgpYeY3'),(651882,7729,'d5tBCG'),(653101,9147,'4fvH1pte'),(659052,6719,'GkmykMj'),(680394,2662,'tyoGeSWA0p'),(687211,5227,'msWwgQZ'),(693377,5696,'GWa60pPJG'),(697223,8199,'FbELHJ'),(699789,2230,'MwHvgS4c'),(701777,2891,'Pk0rB0GK'),(703621,6874,'S64gMURC5EcA'),(708129,2660,'isDPqHRt'),(710519,8791,'BXCbCBL'),(715763,6035,'HwPrmbIV9D1'),(717558,6226,'h4CNS9mUhqZ'),(717895,2413,'drTCbl'),(720200,8260,'i8tgBg2joxGw'),(723267,2298,'w0QHnrx'),(726120,7807,'bClLxn1v0'),(726567,2588,'rgBw0pg4M'),(728536,7462,'PgB76eP'),(731164,7291,'iLFwFw'),(733025,9667,'L8j71Yny7c'),(735794,3544,'RGdbgOBk2Dk'),(740500,6762,'bJXeGF0Dm'),(748224,5621,'GSbp8N'),(750994,6727,'qOj2wHxyRc'),(753735,4245,'nhc5JPmYZd7z'),(753804,6965,'VYxWB4Iu'),(765227,1298,'n4JvWjwV7T'),(776771,7034,'BS4RquT'),(779202,2070,'DfeJxpIy8yM'),(785098,7391,'5YgLmsigSYbA'),(791948,8201,'atXdgZ1vs33'),(794893,5419,'AQNGsgWCQ'),(798233,5274,'qM0GSSo8eX'),(799647,1734,'TtdkCdoPhHd'),(800699,6799,'mLSfqNrr'),(800815,6768,'VlVNrWD6A'),(803039,5941,'3Kp7pUCsy'),(829133,2965,'la56FwHM'),(832205,3354,'CgcODtMgN'),(833614,6227,'L3cWRdw9'),(834021,9228,'GlBiPVSaXV41'),(842956,2224,'ZlTevYX'),(846616,6801,'phdrsxt9Rtl'),(856007,6795,'gPCOg8W8nl'),(856089,1475,'XYbmGvsLPki'),(859830,8574,'XYR7w5'),(865119,5097,'hHAmFm'),(865445,3646,'HcfoC9sat'),(873101,3163,'XDwimfW3cAu'),(873621,3657,'POHpalOwxR'),(873982,6884,'ve1cZ0'),(875623,7317,'VdbtMZIaZ'),(892994,5384,'b2aQzW'),(895355,8403,'qkCOKM'),(898953,6949,'T0vxWQF'),(899034,6726,'sSgBhoMO'),(903907,4344,'MPUKguOVjTQ3'),(908047,4468,'9BGwLno7zKpB'),(908379,4868,'8Wl6N7'),(908826,8406,'fN2NRp'),(913606,9784,'8cdozvZc3h'),(921218,5684,'SnzPqgTeC'),(925880,8236,'WTpJS1'),(935158,9727,'QSRpZQNWmEzk'),(938251,8315,'wDxLDQOUrNK'),(970185,3698,'1B3YNLz'),(970518,7099,'00lD6d'),(984266,7760,'UKKTXx'),(987281,4689,'uXIPaNSjP'),(990520,4347,'IxXeBY'),(992988,6199,'wtBH1A6ZmA1w'),(996482,8541,'g51jDJ'),(998075,4232,'NPMmYCce');
/*!40000 ALTER TABLE `emp_login_info` ENABLE KEYS */;
UNLOCK TABLES;

--
-- Table structure for table `employee`
--

DROP TABLE IF EXISTS `employee`;
/*!40101 SET @saved_cs_client     = @@character_set_client */;
/*!50503 SET character_set_client = utf8mb4 */;
CREATE TABLE `employee` (
  `EMPLOYEE_ID` int NOT NULL,
  `NAME` varchar(45) NOT NULL,
  `AGE` int NOT NULL,
  `GENDER` varchar(45) NOT NULL,
  `DESIGNATION` varchar(45) NOT NULL,
  `BRANCH_NO` int NOT NULL,
  PRIMARY KEY (`EMPLOYEE_ID`),
  KEY `EMP_BRANCH_NO_idx` (`BRANCH_NO`),
  KEY `index_emp_details` (`NAME`,`AGE`,`GENDER`,`DESIGNATION`),
  CONSTRAINT `EMP_BRANCH_NO` FOREIGN KEY (`BRANCH_NO`) REFERENCES `branch` (`BRANCH_NO`)
) ENGINE=InnoDB DEFAULT CHARSET=utf8mb4 COLLATE=utf8mb4_0900_ai_ci;
/*!40101 SET character_set_client = @saved_cs_client */;

--
-- Dumping data for table `employee`
--

LOCK TABLES `employee` WRITE;
/*!40000 ALTER TABLE `employee` DISABLE KEYS */;
INSERT INTO `employee` VALUES (8964,'Farlie Prin',55,'Male','Clerk',80320),(11359,'Claretta St Angel',40,'Female','Manager',28176),(21866,'Barnebas Fratczak',54,'Male','Clerk',26568),(22026,'Uri Lidster',24,'Male','Clerk',56442),(25670,'Caresse Havill',31,'Female','Clerk',84267),(31935,'Ingra Forsythe',37,'Male','Auditor',58542),(38643,'Sigvard Cockitt',47,'Male','Clerk',55659),(40605,'Odie Mattingly',35,'Male','Clerk',20008),(42487,'Alasteir Brooker',30,'Male','Auditor',11127),(42791,'Deena Steet',44,'Female','Auditor',88866),(44250,'Devina Hardage',36,'Female','Clerk',11366),(45134,'Sascha Patemore',34,'Male','Clerk',77083),(47499,'Traver Dray',58,'Male','Clerk',88222),(50697,'Rurik Earwicker',24,'Male','Auditor',11366),(53103,'Gilly Buntain',28,'Female','Auditor',49844),(65577,'Carroll Rubi',60,'Male','Auditor',36370),(78764,'Niles Killock',30,'Male','Clerk',48708),(80168,'Arther Male',42,'Male','Auditor',35899),(80735,'Alair Madsen',32,'Male','Clerk',593),(82617,'Adamo Bibby',46,'Male','Clerk',18239),(86333,'Bronny Doorbar',32,'Male','Auditor',37892),(87525,'Gasper Euesden',34,'Male','Clerk',20362),(97385,'Vincents De Witt',24,'Male','Auditor',52448),(101893,'Shirleen Walwood',31,'Female','Clerk',86509),(106588,'Wittie Drayson',26,'Male','Auditor',11146),(109500,'Maisie Joist',55,'Female','Clerk',49844),(118401,'Gladi Nelane',45,'Female','Clerk',48708),(121659,'Crystie Steddall',38,'Female','Auditor',79489),(131609,'Emmott Macconaghy',52,'Male','Auditor',77491),(134000,'Bordie Franks',58,'Male','Clerk',48708),(135241,'Stu Malzard',28,'Male','Clerk',78841),(138729,'Lainey Huttley',49,'Female','Auditor',52448),(142014,'Nananne Stibbs',59,'Female','Clerk',17745),(146951,'Aileen Corah',40,'Female','Manager',48708),(149024,'Deloris Snaith',49,'Female','Clerk',58542),(151831,'Ilyse Benger',38,'Female','Clerk',84267),(153693,'Mahmoud Meaking',29,'Male','Clerk',88866),(161607,'Belia Cartmer',24,'Female','Clerk',77491),(162545,'Philipa Bennit',31,'Female','Clerk',18239),(164509,'Georgena Scone',41,'Female','Auditor',54462),(165977,'Giffie Middle',35,'Male','Clerk',88866),(168758,'Caleb Denziloe',47,'Male','Manager',34112),(176891,'Bert Denzilow',39,'Male','Clerk',79489),(180880,'Elwood Haken',41,'Male','Manager',34112),(181179,'Davon Speedin',24,'Male','Clerk',50982),(184532,'Addison Orrett',51,'Male','Auditor',11127),(185459,'Julie Hein',39,'Male','Clerk',53442),(193791,'Marten Vanyashin',46,'Male','Auditor',593),(195297,'Zacharias Mullane',37,'Male','Clerk',593),(203099,'Ole Rushman',33,'Male','Clerk',36370),(207798,'Ambros Moyle',51,'Male','Manager',27304),(214198,'Nadean Gon',30,'Female','Auditor',11127),(221503,'Saunderson Cornelius',51,'Male','Auditor',20303),(232713,'Sven Craiker',31,'Male','Clerk',7120),(235710,'Colby Kollatsch',44,'Male','Auditor',66534),(238327,'Agace O\'Cooney',29,'Female','Clerk',70030),(241320,'Rabbi Clemmow',37,'Male','Auditor',10981),(251011,'Corrie Upham',24,'Female','Clerk',88866),(259860,'Abbey Millwall',60,'Female','Clerk',31102),(265175,'Heindrick Cotelard',30,'Male','Auditor',48708),(266124,'Niccolo Bawcock',25,'Male','Auditor',21157),(283756,'Jaclyn Matoshin',37,'Female','Clerk',86509),(288317,'Denise Gabriel',27,'Female','Clerk',49844),(291138,'Franz Beernt',31,'Male','Auditor',26568),(306245,'Glen Bryce',27,'Female','Clerk',88222),(309257,'Sigismund Crean',42,'Male','Clerk',56442),(309652,'Malcolm Hugnot',60,'Male','Clerk',65063),(313846,'Riobard Guerri',27,'Male','Clerk',79004),(314950,'Jenny Stenet',36,'Female','Clerk',54462),(317573,'Dimitri Howlings',37,'Male','Manager',49844),(327562,'Art Tonna',57,'Male','Clerk',79004),(332470,'Johann Oakden',27,'Male','Clerk',79489),(334660,'Shanan De Ambrosis',24,'Male','Auditor',21157),(340981,'Wynnie Haddeston',59,'Female','Auditor',11366),(348197,'Merrill Mulloch',42,'Female','Auditor',58542),(357151,'Bonnibelle Cossons',30,'Female','Manager',26568),(358444,'Esta Eddow',46,'Female','Manager',58542),(361220,'Wayland Leroux',58,'Male','Clerk',31102),(361278,'Perrine Brecknall',48,'Female','Clerk',70030),(363479,'Maye Spurgeon',49,'Female','Clerk',88222),(365169,'Janka Somerville',58,'Female','Auditor',593),(368193,'Winnah Foulgham',51,'Female','Clerk',52448),(369545,'Emanuel Scaife',24,'Male','Clerk',31102),(371268,'Darius Camplen',47,'Male','Clerk',53442),(374357,'Rhett Berrisford',54,'Male','Clerk',65063),(377320,'Aldrich Golborne',33,'Male','Manager',11146),(399750,'Sylvan Mayman',59,'Male','Clerk',78841),(400742,'Carlota Marrison',38,'Female','Clerk',88866),(401824,'Jillian Soppeth',55,'Female','Manager',79489),(403295,'Kaylee Tiley',30,'Female','Clerk',58542),(405367,'Cristi Barrick',53,'Female','Manager',34112),(405860,'Ardith Piddock',60,'Female','Clerk',88222),(410117,'Neall Packington',41,'Male','Clerk',77491),(450041,'Clem Lamprecht',40,'Male','Clerk',26568),(451837,'Micah Oels',36,'Male','Clerk',78267),(454184,'Calv Cockings',49,'Male','Auditor',49844),(458158,'Nanni Liddard',41,'Female','Manager',79489),(492489,'Bobbe Croshaw',31,'Female','Auditor',77083),(496724,'Mavra Van der Brug',59,'Female','Clerk',35899),(500366,'Zacharia Govier',36,'Male','Auditor',88222),(500799,'Carline Cantor',57,'Female','Clerk',78841),(514164,'Carmina Castle',40,'Female','Auditor',78841),(518827,'Dari Yea',47,'Female','Auditor',58542),(531567,'Caldwell Spilstead',55,'Male','Auditor',65063),(544109,'Decca Jales',45,'Male','Clerk',28176),(545223,'Gayla Gaishson',28,'Female','Clerk',50982),(559787,'Gil Weerdenburg',58,'Male','Clerk',35899),(560774,'Darby Beglin',47,'Female','Clerk',21530),(569525,'Bernardo Saket',45,'Male','Clerk',10981),(573673,'Lorrie Philpott',46,'Female','Clerk',54462),(574734,'Ambrose Trengove',26,'Male','Manager',97612),(577224,'Lynnelle Tommei',34,'Female','Auditor',54462),(583525,'Melisande Blodgett',24,'Female','Auditor',34112),(584915,'Hannah McGuffie',41,'Female','Clerk',34112),(598461,'Jerry St. John',47,'Male','Clerk',34112),(599494,'Westleigh Rack',45,'Male','Auditor',593),(611538,'Aeriell Pretsell',57,'Female','Manager',31102),(611775,'Novelia Cleyburn',24,'Female','Manager',77491),(624352,'Ileane Defond',52,'Female','Auditor',49844),(630616,'Candie Geyton',34,'Female','Clerk',79004),(632612,'Bibbye Songer',60,'Female','Clerk',54462),(637307,'Jeth Sprackling',39,'Male','Manager',77083),(642659,'Merna Heyburn',43,'Female','Clerk',78841),(643207,'Humfrey Cuerdale',43,'Male','Manager',77083),(647220,'Maxwell Corthes',56,'Male','Clerk',27304),(651882,'Frederique Roxbee',30,'Female','Auditor',78267),(653101,'Vivien Beall',41,'Female','Clerk',65063),(659052,'Travers McCrohon',46,'Male','Auditor',34112),(680394,'Maje Palser',46,'Male','Clerk',11146),(687211,'Sharleen Cotmore',47,'Female','Auditor',10981),(693377,'Celestyn O\'Kelly',29,'Female','Auditor',49844),(697223,'Thornie Grolmann',60,'Male','Clerk',48708),(699789,'Lem Grisewood',52,'Male','Auditor',97612),(701777,'Sheffie Colloff',54,'Male','Clerk',11127),(703621,'Ruttger Matten',59,'Male','Clerk',80320),(708129,'Tyne Catley',35,'Female','Clerk',52448),(710519,'Bobinette Stuffins',27,'Female','Clerk',11146),(715763,'Niki Philson',53,'Female','Auditor',65063),(717558,'Karlik Stoneley',44,'Male','Auditor',593),(717895,'Lanae Gerardot',60,'Female','Auditor',20008),(720200,'Arie Towey',44,'Male','Clerk',97612),(723267,'Umberto Shawley',50,'Male','Auditor',21530),(726120,'Vi Snarie',37,'Female','Clerk',27304),(726567,'Rowe Ivy',43,'Female','Clerk',77083),(728536,'Vittorio Allitt',59,'Male','Clerk',48708),(731164,'Dorice Hiskey',49,'Female','Clerk',80320),(733025,'Merissa Paoli',46,'Female','Manager',55659),(735794,'Robby Hargrave',45,'Male','Auditor',10981),(740500,'Chancey ffrench Beytagh',28,'Male','Clerk',80320),(748224,'Lotty Colenutt',31,'Female','Clerk',53442),(750994,'Raquel Kornyshev',34,'Female','Manager',17745),(753735,'Elka Emanueli',54,'Female','Auditor',593),(753804,'Louella Tommasi',60,'Female','Clerk',11146),(765227,'Alphonse Allcorn',31,'Male','Clerk',97732),(776771,'Kaylee Nutley',36,'Female','Auditor',53442),(779202,'Gilburt Lafont',52,'Male','Auditor',11146),(785098,'Francis Munford',57,'Male','Clerk',77083),(791948,'Kelci Eaton',37,'Female','Clerk',10312),(794893,'Jaquenette Algar',41,'Female','Clerk',7120),(798233,'Nan McMillan',57,'Female','Clerk',20008),(799647,'Penelopa Crosscombe',25,'Female','Auditor',84267),(800699,'Gonzalo Andries',27,'Male','Clerk',86509),(800815,'Anton Twiggins',32,'Male','Auditor',84267),(803039,'Nissy Folshom',27,'Female','Clerk',77083),(829133,'Jamey Lorrimer',42,'Male','Manager',26568),(832205,'Charisse Bech',60,'Female','Clerk',86509),(833614,'Lucio Jennemann',50,'Male','Manager',35899),(834021,'Corbett Escreet',25,'Male','Manager',79489),(842956,'Ennis Fardell',31,'Male','Clerk',66534),(846616,'Pinchas Seabright',56,'Male','Manager',80784),(856007,'Vivia Rasp',31,'Female','Clerk',77491),(856089,'Row Wych',36,'Female','Clerk',27304),(859830,'Jarred Colin',58,'Male','Clerk',16773),(865119,'Collie Jenkyn',49,'Female','Clerk',80784),(865445,'Darsey Livermore',50,'Female','Auditor',34112),(873101,'Lebbie Tapner',49,'Female','Manager',88222),(873621,'Carmencita Caudell',38,'Female','Clerk',11146),(873982,'Corbie McGourty',42,'Male','Manager',79489),(875623,'Jaye Thornley',46,'Male','Clerk',35899),(892994,'Scotti Schoales',28,'Male','Manager',78267),(895355,'Bentley Jarrell',42,'Male','Clerk',26568),(898953,'Alexis Adolthine',57,'Male','Clerk',58542),(899034,'Robinette Iredale',36,'Female','Clerk',80320),(903907,'Ilaire Ferronel',38,'Male','Clerk',79004),(908047,'Anjanette Verlinde',60,'Female','Clerk',50982),(908379,'Corey Ca',51,'Male','Clerk',7120),(908826,'Patrica Clapp',35,'Female','Manager',17745),(913606,'Salli Oyley',54,'Female','Clerk',79489),(921218,'Cherry Gilfoy',57,'Female','Clerk',88866),(925880,'Taylor Hatherleigh',45,'Male','Clerk',65063),(935158,'Zelda von Nassau',51,'Female','Auditor',593),(938251,'Bren Hurch',58,'Male','Manager',28176),(970185,'Madelena De Coursey',28,'Female','Clerk',50982),(970518,'Araldo Hounson',32,'Male','Clerk',17745),(984266,'Gayle Zavittieri',37,'Female','Manager',55659),(987281,'Dieter Twinn',53,'Male','Auditor',56442),(990520,'Jaquith MacInerney',29,'Female','Clerk',37892),(992988,'Kellsie Facey',38,'Female','Clerk',20303),(996482,'Maudie McKechnie',50,'Female','Auditor',53442),(998075,'Johnathan Raffels',42,'Male','Auditor',80784);
/*!40000 ALTER TABLE `employee` ENABLE KEYS */;
UNLOCK TABLES;

--
-- Table structure for table `loan`
--

DROP TABLE IF EXISTS `loan`;
/*!40101 SET @saved_cs_client     = @@character_set_client */;
/*!50503 SET character_set_client = utf8mb4 */;
CREATE TABLE `loan` (
  `LOAN_NO` int NOT NULL,
  `AMOUNT` int NOT NULL,
  `INTREST` int NOT NULL,
  `SANCTION_DATE` date NOT NULL,
  `TYPE` varchar(45) NOT NULL,
  `EMPLOYEE_ID` int NOT NULL,
  `ACC_NO` bigint NOT NULL,
  PRIMARY KEY (`LOAN_NO`),
  KEY `LOAN_ACC_NO_idx` (`ACC_NO`),
  KEY `LOAN_EMPLOYEE_ID_idx` (`EMPLOYEE_ID`),
  CONSTRAINT `LOAN_ACC_NO` FOREIGN KEY (`ACC_NO`) REFERENCES `customer` (`ACC_NO`),
  CONSTRAINT `LOAN_EMPLOYEE_ID` FOREIGN KEY (`EMPLOYEE_ID`) REFERENCES `employee` (`EMPLOYEE_ID`)
) ENGINE=InnoDB DEFAULT CHARSET=utf8mb4 COLLATE=utf8mb4_0900_ai_ci;
/*!40101 SET character_set_client = @saved_cs_client */;

--
-- Dumping data for table `loan`
--

LOCK TABLES `loan` WRITE;
/*!40000 ALTER TABLE `loan` DISABLE KEYS */;
INSERT INTO `loan` VALUES (1106552,6161085,8,'2021-09-21','Car Loan',306245,7026499),(1173395,3641990,8,'2021-08-10','Personal Loan',317573,8050986),(1187360,2405202,12,'2021-09-19','Education Loan',118401,8690784),(1206442,8985588,14,'2022-01-27','Personal Loan',642659,1854551),(1347342,8832221,9,'2021-08-25','Home Loan',856089,3936276),(1535082,8597149,12,'2021-06-15','Education Loan',791948,2751941),(1654073,7897837,14,'2021-10-11','Personal Loan',987281,4841085),(1675537,1215651,10,'2021-09-19','Education Loan',374357,8434318),(1687781,7837896,10,'2022-03-24','Education Loan',545223,9619754),(1739364,2861156,13,'2021-12-29','Car Loan',908379,5152699),(1747985,5986133,8,'2021-07-16','Home Loan',291138,4760410),(1990721,6422108,15,'2022-01-10','Education Loan',908826,4532529),(2246992,2792448,7,'2022-03-23','Home Loan',165977,9229157),(2560528,8052001,13,'2022-03-21','Car Loan',799647,178546),(2691401,5740995,14,'2022-02-06','Home Loan',599494,9058587),(2725300,5179970,8,'2022-01-12','Personal Loan',50697,4029152),(2823666,2323675,8,'2021-06-08','Education Loan',753735,8139971),(2861885,1583960,10,'2021-04-28','Home Loan',377320,4016505),(3046484,8036253,13,'2021-05-14','Education Loan',728536,5037050),(3091008,4125121,10,'2021-06-26','Education Loan',365169,178546),(3293775,3164298,11,'2022-02-09','Personal Loan',834021,1661821),(3369224,8812646,7,'2021-06-09','Car Loan',800815,5269988),(3679082,6035424,14,'2022-03-12','Home Loan',748224,9866636),(3803523,5452561,12,'2021-11-07','Car Loan',531567,4487735),(3945466,6040659,14,'2021-04-27','Home Loan',492489,7337255),(4223665,4305463,8,'2022-03-03','Personal Loan',651882,2069523),(4225285,6928765,10,'2021-11-22','Personal Loan',492489,8434318),(4377907,8471449,14,'2021-12-31','Home Loan',794893,2932522),(4396740,6597389,14,'2022-01-17','Personal Loan',309652,2262445),(4597620,6211318,12,'2021-12-11','Home Loan',647220,7708219),(4620370,5622309,10,'2021-08-11','Car Loan',630616,3394107),(4666277,6717392,9,'2021-06-04','Car Loan',47499,844210),(4704138,6334673,14,'2021-08-01','Education Loan',142014,4193349),(4710524,2553878,8,'2021-06-27','Personal Loan',779202,8904857),(4972950,3586797,9,'2021-10-03','Car Loan',401824,7702711),(4976323,2508941,11,'2021-12-24','Personal Loan',214198,2411215),(5040035,1511566,7,'2021-11-07','Home Loan',11359,6342025),(5058429,8984091,8,'2021-07-17','Car Loan',21866,9417292),(5089892,2696913,13,'2021-08-06','Car Loan',496724,9908101),(5176694,2050487,13,'2021-07-02','Personal Loan',598461,4193349),(5183992,2069130,14,'2021-12-19','Car Loan',180880,1685359),(5203150,1053176,14,'2021-07-02','Car Loan',40605,7726797),(5280045,8511570,11,'2022-02-07','Personal Loan',327562,3053309),(5293270,7952453,8,'2021-11-23','Car Loan',161607,2803334),(5310966,5290368,8,'2021-11-16','Car Loan',680394,7396297),(5417619,7458089,13,'2021-11-02','Personal Loan',723267,1023241),(5421160,7643341,10,'2021-12-24','Car Loan',291138,2293622),(5453975,1611918,11,'2022-02-18','Car Loan',865119,3145998),(5515429,5117292,13,'2021-12-16','Home Loan',584915,1758946),(5682230,3311281,13,'2021-12-03','Personal Loan',834021,4415539),(5755683,1537706,13,'2022-03-02','Education Loan',399750,7337255),(5756122,4841385,11,'2021-09-03','Personal Loan',22026,5678611),(5791804,6334900,12,'2021-05-11','Car Loan',990520,995566),(5931867,6980812,12,'2021-05-21','Personal Loan',873101,2300567),(5941671,8494014,7,'2021-09-25','Car Loan',703621,4698183),(6079613,5611058,10,'2021-09-13','Education Loan',611538,5037050),(6135915,4442691,12,'2022-02-26','Education Loan',101893,3052316),(6159148,3811678,13,'2021-05-28','Home Loan',340981,3936276),(6236412,1556657,14,'2021-12-19','Personal Loan',785098,9008549),(6547006,8530973,9,'2021-12-17','Home Loan',708129,7150330),(6558437,1815576,8,'2021-11-04','Car Loan',97385,1897811),(6826425,3343378,11,'2022-03-22','Home Loan',710519,7582719),(6952367,3144716,8,'2021-04-28','Personal Loan',715763,4305734),(7101674,2089482,8,'2021-11-16','Education Loan',118401,179696),(7150744,3586227,10,'2021-11-13','Personal Loan',47499,5269988),(7199077,7995179,12,'2022-02-04','Home Loan',800815,1758946),(7245317,7486284,10,'2021-09-05','Personal Loan',723267,1776525),(7257587,2353189,11,'2021-12-29','Personal Loan',748224,9751785),(7303604,4830265,8,'2021-11-12','Education Loan',232713,9866636),(7316074,6426754,10,'2021-09-22','Car Loan',908826,1564742),(7497303,3663885,10,'2022-03-28','Personal Loan',584915,3983212),(7642169,4022102,11,'2021-07-12','Car Loan',87525,4016505),(7742370,3811871,8,'2021-10-19','Personal Loan',531567,4698183),(7793853,3717045,7,'2021-09-19','Home Loan',829133,5179462),(7878939,7727564,14,'2021-06-23','Car Loan',970518,7582719),(7927461,1205463,15,'2021-05-05','Home Loan',80735,3394107),(7996679,5106693,14,'2021-09-07','Car Loan',101893,2286618),(8029630,2902920,11,'2021-10-24','Education Loan',735794,5043493),(8128514,4192689,8,'2021-07-15','Education Loan',118401,8586319),(8258666,5808170,14,'2022-02-21','Car Loan',42791,7595690),(8385324,2125092,11,'2021-05-17','Car Loan',405860,7129957),(8490280,8314589,10,'2021-05-12','Education Loan',180880,3902920),(8630979,3888717,13,'2022-02-21','Car Loan',715763,1271952),(8718943,2123022,8,'2021-05-29','Education Loan',151831,4487735),(8744255,8995210,10,'2022-02-13','Personal Loan',306245,1737753),(8776706,8922546,9,'2022-01-25','Personal Loan',865445,12087),(8862723,1669509,8,'2022-01-18','Car Loan',798233,1661821),(8965006,1182843,9,'2021-08-05','Car Loan',832205,5264339),(9016154,8981190,13,'2022-01-19','Home Loan',241320,3401158),(9334243,2050859,11,'2021-10-05','Car Loan',65577,4698183),(9343712,7457251,8,'2022-04-01','Personal Loan',765227,7349834),(9349081,4459537,14,'2021-11-06','Education Loan',164509,8625069),(9373074,6950493,12,'2022-04-02','Car Loan',458158,6459891),(9572246,1133281,12,'2022-03-12','Car Loan',800699,1318866),(9811079,8670547,9,'2021-07-01','Home Loan',454184,1884729),(9839199,3124938,10,'2021-07-20','Personal Loan',283756,1318866),(9864393,7302675,10,'2022-01-26','Personal Loan',401824,5678611),(9892572,6842062,10,'2021-08-19','Home Loan',703621,8077161),(9982787,2175717,12,'2021-06-16','Education Loan',31935,4193349),(9983661,5480110,10,'2021-10-26','Education Loan',710519,2294532);
/*!40000 ALTER TABLE `loan` ENABLE KEYS */;
UNLOCK TABLES;

--
-- Table structure for table `loan_history`
--

DROP TABLE IF EXISTS `loan_history`;
/*!40101 SET @saved_cs_client     = @@character_set_client */;
/*!50503 SET character_set_client = utf8mb4 */;
CREATE TABLE `loan_history` (
  `LOAN_HIS_ID` int NOT NULL,
  `MONTHLY_EMI` int NOT NULL,
  `AMOUNT_PAID` int NOT NULL,
  `AMOUNT_REMAINING` int NOT NULL,
  `LOAN_NO` int NOT NULL,
  PRIMARY KEY (`LOAN_HIS_ID`)
) ENGINE=InnoDB DEFAULT CHARSET=utf8mb4 COLLATE=utf8mb4_0900_ai_ci;
/*!40101 SET character_set_client = @saved_cs_client */;

--
-- Dumping data for table `loan_history`
--

LOCK TABLES `loan_history` WRITE;
/*!40000 ALTER TABLE `loan_history` DISABLE KEYS */;
INSERT INTO `loan_history` VALUES (1,34000,250167,7477397,7878939),(2,7000,442545,7609456,2560528),(3,13000,751053,6091009,9892572),(4,46000,561445,7081896,5421160),(5,32000,87029,3037909,9839199),(6,43000,178721,8802469,9016154),(7,32000,344678,6497384,9892572),(8,39000,360417,8625171,1206442),(9,5000,790035,6853306,5421160),(10,11000,743595,7570994,8490280),(11,21000,642680,562783,7927461),(12,33000,23780,3563017,4972950),(13,26000,449626,8472920,8776706),(14,16000,403747,4776223,2725300),(15,31000,433257,8550834,5058429),(16,32000,553108,5873646,7316074),(17,36000,220027,4959943,2725300),(18,20000,836806,6465869,9864393),(19,42000,259967,6457425,4666277),(20,19000,641620,411556,5203150),(21,44000,68080,5672915,2691401),(22,8000,425645,2128233,4710524),(23,8000,596561,6384251,5931867),(24,50000,655480,7838534,5941671),(25,39000,613723,3828968,6135915),(26,39000,499986,7994028,5941671),(27,30000,743563,5417522,1106552),(28,9000,660653,3798884,9349081),(29,14000,814762,4637799,3803523),(30,18000,164323,2999975,3293775),(31,50000,212563,3451322,7497303),(32,19000,706259,7131637,1687781),(33,6000,464628,8205919,9811079),(34,31000,804343,1285139,7101674),(35,6000,235329,4881963,5515429),(36,18000,358246,847217,7927461),(37,25000,862758,5563996,7316074),(38,7000,61334,7241341,9864393),(39,18000,511182,6206210,4666277),(40,45000,394638,4446747,5756122),(41,50000,766029,2026419,2246992),(42,26000,119587,2285615,1187360),(43,39000,250373,4192318,6135915),(44,39000,336797,1986878,2823666),(45,16000,515600,5519824,3679082),(46,44000,502440,6214952,4666277),(47,37000,140151,4966542,7996679),(48,35000,594165,6708510,9864393),(49,9000,422308,5999800,1990721),(50,42000,462834,5698251,1106552),(51,20000,787938,3404751,8128514),(52,34000,33315,7452969,7245317),(53,15000,138566,1066897,7927461),(54,5000,88621,3628424,7793853),(55,41000,581099,1927842,4976323),(56,10000,277061,2887237,3293775),(57,17000,683093,1367394,5176694),(58,5000,767150,2025298,2246992),(59,6000,625058,8187588,3369224),(60,32000,738105,2605273,6826425),(61,11000,562940,7948630,5280045),(62,26000,48261,2074761,8718943),(63,41000,609843,1944035,4710524),(64,39000,253927,7798074,2560528),(65,18000,857136,6786205,5421160),(66,6000,404502,7052749,9343712),(67,20000,339382,5140728,9983661),(68,11000,186795,6530597,4666277),(69,21000,426942,6501823,4225285),(70,29000,360224,7097865,5417619),(71,28000,557913,1054005,5453975),(72,37000,847672,3611865,9349081),(73,44000,181750,3535295,7793853),(74,11000,245973,3879148,3091008),(75,11000,456926,1666096,8718943),(76,28000,847389,1203098,5176694),(77,9000,663627,5371797,3679082),(78,7000,705810,2637568,6826425),(79,42000,315966,1734893,9334243),(80,35000,179105,5111263,5310966),(81,15000,41034,6293866,5791804),(82,41000,802580,4487788,5310966),(83,30000,446172,8084801,6547006),(84,37000,454131,1869544,2823666),(85,23000,620867,512414,9572246),(86,7000,14598,8037403,2560528),(87,13000,285795,3301002,4972950),(88,50000,139464,5482845,4620370),(89,9000,735463,7795510,6547006),(90,32000,449804,5972304,1990721),(91,47000,394611,8116959,5280045),(92,41000,566253,7386200,5293270),(93,33000,610215,6340278,9373074),(94,18000,846407,7647607,5941671),(95,37000,717195,2075253,2246992),(96,37000,132102,2729054,1739364),(97,46000,560041,1529441,7101674),(98,48000,569058,1939883,4976323),(99,30000,51778,1998709,5176694),(100,5000,805664,7864883,9811079);
/*!40000 ALTER TABLE `loan_history` ENABLE KEYS */;
UNLOCK TABLES;

--
-- Temporary view structure for view `loan_info`
--

DROP TABLE IF EXISTS `loan_info`;
/*!50001 DROP VIEW IF EXISTS `loan_info`*/;
SET @saved_cs_client     = @@character_set_client;
/*!50503 SET character_set_client = utf8mb4 */;
/*!50001 CREATE VIEW `loan_info` AS SELECT 
 1 AS `loan_no`,
 1 AS `amount`,
 1 AS `intrest`,
 1 AS `sanction_date`,
 1 AS `type`,
 1 AS `employee_id`,
 1 AS `acc_no`*/;
SET character_set_client = @saved_cs_client;

--
-- Table structure for table `transaction_hist`
--

DROP TABLE IF EXISTS `transaction_hist`;
/*!40101 SET @saved_cs_client     = @@character_set_client */;
/*!50503 SET character_set_client = utf8mb4 */;
CREATE TABLE `transaction_hist` (
  `TRANSACTION_ID` bigint NOT NULL,
  `AMOUNT` int NOT NULL,
  `DATE` date NOT NULL,
  `DEBIT_FROM` bigint NOT NULL,
  `CREDIT_TO` bigint NOT NULL,
  PRIMARY KEY (`TRANSACTION_ID`),
  KEY `TXN_DEBIT_FROM_idx` (`DEBIT_FROM`),
  KEY `TXN_CREDIT_TO_idx` (`CREDIT_TO`),
  CONSTRAINT `TRANS_CREDIT_TO` FOREIGN KEY (`CREDIT_TO`) REFERENCES `customer` (`ACC_NO`),
  CONSTRAINT `TRANS_DEBIT_FROM` FOREIGN KEY (`DEBIT_FROM`) REFERENCES `customer` (`ACC_NO`)
) ENGINE=InnoDB DEFAULT CHARSET=utf8mb4 COLLATE=utf8mb4_0900_ai_ci;
/*!40101 SET character_set_client = @saved_cs_client */;

--
-- Dumping data for table `transaction_hist`
--

LOCK TABLES `transaction_hist` WRITE;
/*!40000 ALTER TABLE `transaction_hist` DISABLE KEYS */;
INSERT INTO `transaction_hist` VALUES (10001449,58623,'2020-01-25',4706604,4698183),(10043959,386828,'2021-05-21',7717512,4183447),(10200783,655420,'2020-06-11',5179462,8904857),(10222623,801085,'2021-02-22',637026,4841085),(10261071,378755,'2022-04-15',1590099,5678611),(10426640,111619,'2020-01-18',2411215,7726797),(10436195,492782,'2022-03-28',4698183,675058),(10562378,303848,'2020-02-08',8608580,7337255),(10656119,928360,'2021-01-07',2918843,4042524),(10674537,820938,'2020-12-11',3146676,3571746),(10694778,943503,'2019-07-20',1837923,1595198),(10748935,378517,'2020-03-22',2575377,6514593),(11143610,328708,'2020-06-25',1250912,2738600),(11191625,509229,'2021-09-13',7017139,8586319),(11249963,847672,'2021-08-19',362609,1838432),(11293136,843338,'2020-10-23',6275829,12087),(11350505,508525,'2019-06-17',9908101,5021287),(11390751,442316,'2020-05-07',7780684,3429430),(11457905,692792,'2019-07-23',3918139,1854551),(11464605,866949,'2021-05-31',7922246,6514593),(11483156,292015,'2022-04-14',9160072,1318866),(11513924,952615,'2019-07-17',1685359,3571746),(11592437,779342,'2020-12-10',9389880,4239823),(11780237,395392,'2022-01-21',3052316,8440442),(11792621,888057,'2019-05-18',9417292,8235692),(11936054,476263,'2019-11-05',1590099,565829),(11942323,821531,'2021-08-25',7780684,1595198),(11998912,80777,'2019-10-05',9326982,5678611),(12067471,449303,'2022-03-05',5152699,4650177),(12090631,132739,'2019-11-04',2269432,2269432),(12091236,208765,'2020-12-03',6575388,1644944),(12213531,262596,'2021-03-08',3902920,7595690),(12223772,444150,'2021-07-27',8235692,2269432),(12255603,399372,'2021-07-10',1258930,1962515),(12500899,820431,'2022-03-02',179696,1595198),(12542425,513791,'2022-04-16',3146676,2317027),(12715423,764368,'2019-05-20',4091730,1776525),(12783813,521815,'2019-08-31',7026499,565829),(12918930,810890,'2020-10-26',3918139,8625069),(12993685,265139,'2019-11-30',3145998,5230806),(13002836,337394,'2021-08-04',2318464,3378113),(13070892,816814,'2022-03-23',179696,5586888),(13150797,696203,'2021-02-06',8056235,4487735),(13194639,23002,'2020-05-25',4698183,8440442),(13273220,737918,'2021-10-18',4192413,4029152),(13423382,955424,'2020-03-29',1899171,1884729),(13492043,714302,'2021-01-16',3918139,2237180),(13525722,13365,'2021-01-08',1737753,1315743),(13572883,876654,'2020-02-05',9866636,3378113),(13654897,934024,'2022-03-29',9866636,3993336),(13668050,251484,'2020-12-09',6159432,8050986),(13739501,850042,'2020-01-06',6275829,1758946),(13879940,860895,'2022-04-25',9712150,1959606),(14021438,320886,'2021-01-02',675058,2751941),(14048008,767130,'2020-06-24',2424723,4305734),(14104182,579749,'2021-08-26',1271952,1837923),(14146064,76010,'2021-08-17',7129957,6680960),(14302936,712700,'2022-03-04',246528,7026499),(14354089,562267,'2020-10-21',637026,8056235),(14422253,81520,'2021-10-30',1841375,7017139),(14498520,755534,'2020-05-20',7349834,1737753),(14647066,705817,'2021-11-28',5043493,4192413),(14658237,220647,'2020-02-03',1564742,3145998),(14664353,356143,'2020-12-04',7644234,3246227),(14689012,717033,'2021-03-26',246528,4706604),(14690553,243947,'2020-03-29',4870480,637026),(14828058,762110,'2019-10-11',8139971,4760410),(14987947,881657,'2019-10-24',8077161,2575377),(15105288,707068,'2021-05-14',8473841,7376796),(15159257,272366,'2020-04-28',4415539,2424723),(15200948,976220,'2021-06-14',995566,5586888),(15228711,359850,'2020-01-21',9712150,7337255),(15295065,406171,'2020-06-22',9866636,7518758),(15440900,332922,'2019-09-03',362609,3981433),(15602342,312426,'2021-06-02',390981,7708219),(15622224,472734,'2020-12-19',4193349,9908101),(15640344,236567,'2020-06-13',5043493,5586888),(15711179,111478,'2019-12-04',1959606,1838432),(15998533,512368,'2021-01-09',1929590,6680960),(16011371,437231,'2020-05-16',7396297,5021287),(16194374,227085,'2021-11-08',9229157,2293622),(16308755,939223,'2019-11-23',3936276,7349834),(16347696,15154,'2021-06-30',1685359,1661821),(16438007,247144,'2021-07-14',9008549,7026499),(16468596,397438,'2020-02-29',1564742,8690784),(16499802,168583,'2022-02-26',6983170,8690784),(16522402,104221,'2019-05-13',1758946,8586319),(16571730,594228,'2021-11-21',2424723,4415539),(16731002,882786,'2020-08-07',5782092,1776525),(16816212,312647,'2019-11-03',9229157,1918206),(16861292,112830,'2019-09-06',6481419,3571746),(17175014,393024,'2021-02-15',508439,8586319),(17225045,652063,'2019-05-22',3146676,3401158),(17252721,633665,'2021-10-09',4192413,1644944),(17325646,907421,'2021-07-11',4029152,1918206),(17337600,696779,'2020-05-28',7582719,1684156),(17352077,379858,'2022-03-09',3246227,5782092),(17534354,529176,'2019-12-22',4698183,4016505),(17548245,870286,'2021-01-02',1837923,1776525),(17730939,104245,'2020-07-02',2178185,7376796),(17973631,63356,'2019-05-05',1023241,9712150),(18027427,490157,'2019-06-10',8384408,2918843),(18052963,869578,'2020-06-25',1564742,2178185),(18158861,316809,'2021-03-17',1573909,6575388),(18290898,584606,'2021-08-01',995566,1841375),(18410347,33605,'2020-07-26',4029152,1590099),(18449442,431529,'2020-02-13',2293622,1661821),(18655542,57556,'2020-02-21',7337255,1403038),(18782773,426096,'2020-09-09',4706604,6481419),(18860586,41986,'2020-09-23',4091730,5230806),(18977564,71169,'2019-06-12',1258930,1758946),(19217961,886522,'2021-12-31',4482847,3983212),(19376338,600985,'2020-06-26',4042524,8139971),(19444354,478168,'2020-08-16',1684156,1661821),(19487273,290464,'2021-02-04',5037050,7780684),(19515443,517814,'2019-11-13',675058,2262445),(19564152,818576,'2020-04-27',179696,7337255),(19686502,908379,'2020-11-25',8235692,9757038),(19852394,552745,'2019-10-14',5043493,9712150),(19859436,506201,'2019-12-17',1661821,9866636),(19886010,557728,'2021-09-02',9751785,9808204),(20019553,412910,'2019-09-04',2803334,2932522),(20027996,595716,'2021-11-05',8473841,9757038),(20136954,266838,'2020-06-12',12087,1838432),(20443376,338916,'2020-01-08',7867915,1564742),(20507499,76696,'2020-08-13',1962515,7376796),(20540126,224639,'2021-12-04',6481419,3246227),(20628650,618457,'2021-03-03',8139971,492305),(20681421,678558,'2020-03-29',8625069,7851233),(20775012,224779,'2020-05-11',7726797,1959606),(20855052,554478,'2021-10-25',7026499,7017139),(20906859,856452,'2020-10-08',5269988,7150330),(21051884,304051,'2021-05-25',8050986,7129957),(21080360,592734,'2021-02-26',8139971,1564742),(21202406,101092,'2020-12-23',7702711,1258930),(21254676,717533,'2019-05-22',2069523,8477054),(21700234,94788,'2020-12-29',565829,3660685),(21731228,64537,'2020-11-26',9839959,3993336),(21810730,49547,'2022-04-23',7349834,8077161),(21861109,939092,'2020-10-06',4760410,5152699),(21956200,78405,'2020-12-11',4841085,3330896),(21998853,969196,'2021-06-22',2892243,1841375),(22228470,590103,'2021-05-05',3902920,1962515),(22246729,949953,'2021-07-28',8145228,69443),(22389509,990336,'2021-04-21',3981433,1838432),(22392524,822604,'2019-08-06',3098710,5269988),(22532526,873965,'2021-09-21',9757038,7396297),(22589549,517558,'2020-09-06',8745956,5232918),(22670989,642893,'2022-03-01',6860552,6680960),(22880978,640588,'2021-01-31',151755,4016505),(22888954,696374,'2022-03-10',9751785,9229157),(22896732,911110,'2019-10-06',2178185,1318866),(22940781,286646,'2019-12-09',7922246,69443),(22951832,723895,'2022-04-22',9757038,6369571),(23088609,610869,'2020-05-21',1644944,9326982),(23145228,785698,'2021-08-12',844210,6575388),(23232440,592372,'2021-01-17',7922246,5782092),(23505297,997063,'2019-08-24',9336993,9863397),(23923108,309308,'2020-10-21',5152699,1271952),(23961030,695476,'2020-05-04',2424723,151755),(24007743,553479,'2020-09-10',2918843,7150330),(24027305,661585,'2020-04-25',8608580,1258930),(24190896,328043,'2020-12-24',1884729,3394107),(24420972,628774,'2022-04-23',3098710,4415539),(24498959,784778,'2019-07-28',3918139,3378113),(24516829,859565,'2021-12-11',1590099,1884729),(24575395,47892,'2019-12-08',1661821,3330896),(24601069,499252,'2020-08-20',1776525,1776525),(24617050,378341,'2020-11-03',508439,2411215),(24655058,474062,'2021-05-17',2892243,5678611),(24744667,756451,'2021-11-30',7726797,4469011),(24909723,118124,'2021-02-21',1685359,6692293),(24932794,701892,'2022-02-20',4469011,5152699),(24936467,321288,'2021-09-04',1899171,7702711),(24972537,713259,'2022-03-04',7726797,9229157),(24982341,903653,'2020-03-08',5043493,7017139),(25083521,963758,'2021-09-30',1758946,3098710),(25093813,478230,'2021-04-19',1573909,7129957),(25292063,15735,'2021-09-21',2424723,7026499),(25415307,355885,'2020-03-19',3052316,1685359),(25432804,921242,'2022-01-10',4239823,6680960),(25440025,435271,'2021-12-05',3936276,4402328),(25532634,443533,'2021-08-19',1884729,8056235),(25567528,642970,'2021-09-22',4841085,1258930),(25727286,457344,'2019-09-13',844210,2237180),(25820393,772486,'2020-03-19',8608580,675058),(25840242,267795,'2020-12-26',5782092,9808204),(25925008,238397,'2020-01-05',3053309,610572),(25956244,832558,'2022-01-29',9562009,1318866),(26123620,325040,'2021-11-13',9712150,5043493),(26269495,482183,'2020-03-21',2738600,5043493),(26358088,802036,'2019-07-08',4415539,381079),(26405704,565858,'2019-05-09',4706604,2424723),(26411264,574482,'2020-11-23',4239823,9908101),(26577000,594615,'2021-03-14',2751941,9160072),(26579544,578730,'2021-09-29',4482847,610572),(26597876,934775,'2021-01-14',7708219,1854551),(26675705,907307,'2019-11-09',1841375,9336993),(26786288,356162,'2020-01-17',3145998,2293622),(26836751,298175,'2020-07-28',9863397,7780684),(27034501,308402,'2021-04-05',4532529,3660685),(27155015,505702,'2022-02-28',1315743,5678611),(27365823,514157,'2021-03-26',4841085,1737753),(27377880,111089,'2020-04-07',5232918,610572),(27482561,472566,'2019-07-27',6860552,4029152),(27507523,180960,'2020-07-31',7851233,9058587),(27697640,44862,'2019-09-04',5269988,1959535),(27842267,772357,'2021-01-23',3936276,2751941),(28018204,890384,'2021-08-28',995566,1737753),(28121801,223886,'2020-04-03',4192413,5269988),(28230808,918421,'2020-12-15',1318866,7780684),(28268200,921470,'2022-03-03',2269432,2932522),(28420578,803594,'2021-08-15',178546,1590099),(28704747,658018,'2020-02-25',2588180,1841375),(28916277,818697,'2020-08-24',6575388,5037050),(28970142,853214,'2020-12-24',8332507,2738600),(29005436,482904,'2021-09-23',4650177,2588180),(29093140,323578,'2021-09-19',5232918,9712150),(29150684,261311,'2021-06-11',2424723,9941737),(29237248,777230,'2019-10-04',4487735,3098710),(29268651,526595,'2021-02-02',9757038,5782092),(29463050,2608,'2021-02-03',2262445,7780684),(29487840,442757,'2021-02-05',2178185,178546),(29694266,877148,'2019-12-10',8077161,1959606),(29708412,251501,'2021-07-12',4183447,1758946),(29766931,447042,'2022-02-01',9751785,9808204),(29834157,168757,'2022-02-13',8608580,7349834),(29969945,106780,'2019-12-29',8745956,9712150),(30027633,247372,'2019-05-12',8145228,7867915),(30083417,369871,'2021-06-21',9619754,3052316),(30101727,878533,'2021-04-18',9941737,4402328),(30171554,294485,'2021-07-17',3145998,5269988),(30318204,911961,'2020-12-19',7129957,1737753),(30349828,615761,'2022-03-29',2269432,492305),(30550180,586687,'2019-08-29',9808204,7396297),(30588425,621164,'2020-11-04',9808204,7350554),(30606886,260192,'2020-06-07',4706604,8139971),(30690530,17621,'2019-09-17',8077161,1944969),(30741230,945804,'2022-01-17',7708219,9389880),(30746613,791338,'2019-04-26',362609,3571746),(30757561,788358,'2019-07-27',9808204,3378113),(30767270,637377,'2021-09-18',69443,2237180),(30817944,942236,'2020-02-12',1944969,3981433),(30882169,339011,'2019-07-03',675058,4841085),(30991948,209736,'2019-06-20',7518758,9908101),(30993459,982903,'2019-08-06',4016505,6275829),(31070584,591639,'2019-06-22',9417292,2317027),(31115137,696370,'2021-11-29',3983212,4760410),(31169993,646593,'2022-02-20',4305734,6159432),(31189189,297315,'2020-03-09',5043493,2575377),(31217282,894727,'2022-02-08',3571746,9619754),(31383396,148859,'2019-12-13',7350554,3246227),(31431035,701319,'2020-10-02',8586319,8434318),(31514661,93371,'2020-11-19',2294532,7518758),(31645260,597385,'2020-06-26',178546,3936276),(31790813,996812,'2021-08-20',844210,4183447),(31958156,539569,'2021-09-12',8332507,3429430),(31965423,895971,'2021-07-27',9160072,3330896),(31977307,144430,'2020-07-30',3378113,9336993),(32062121,337512,'2020-10-01',2918843,4760410),(32142905,818898,'2020-09-15',565829,5152699),(32223083,505110,'2019-10-31',9160072,9751785),(32400934,784072,'2020-08-12',1315743,1250912),(32403988,508216,'2021-02-01',9326982,3394107),(32435033,770819,'2021-05-24',1595198,4532529),(32563781,955731,'2021-03-03',4192413,3902920),(32643972,476738,'2020-11-16',8608580,8332507),(32909006,346023,'2021-12-29',1897811,2293622),(32936408,659386,'2021-11-06',8440442,2424723),(32962709,123622,'2020-04-10',4183447,1318866),(33047354,206503,'2021-09-17',508439,1837923),(33093007,277018,'2021-08-30',4029152,1573909),(33269670,811963,'2019-08-27',178546,3993336),(33711880,282545,'2020-08-03',3052316,8608580),(33774530,419605,'2019-11-12',9941737,9229157),(34074410,400851,'2021-02-26',390981,1271952),(34167330,385255,'2020-12-07',5586888,1379726),(34409690,113953,'2022-03-09',9229157,1271952),(34451690,41606,'2020-05-28',610572,3330896),(34548407,422586,'2019-12-07',1379726,7644234),(34805228,633895,'2019-10-25',8904857,2803334),(34952141,948747,'2019-07-12',3098710,4016505),(35053609,190182,'2020-12-13',3246227,8077161),(35142841,953196,'2019-06-09',6481419,5037050),(35229471,92756,'2021-11-15',8690784,7518758),(35306455,314830,'2021-07-15',7644234,2262445),(35551887,491515,'2022-02-04',2932522,9562009),(35622032,593765,'2020-08-14',7239570,3146676),(35709828,897493,'2019-06-05',4841085,9941737),(35727531,270178,'2020-09-19',4029152,9941737),(35759455,279900,'2019-11-22',4487735,9160072),(35770183,867286,'2020-07-16',1271952,9839959),(35794187,744735,'2020-07-28',3053309,3983212),(35808911,987215,'2020-06-12',3052316,3145998),(35874210,780184,'2019-11-16',9160072,6159432),(35920066,377787,'2019-06-06',3981433,3660685),(35926084,97183,'2019-11-18',4239823,9751785),(36039192,206566,'2021-05-07',4183447,8145228),(36108858,197499,'2021-01-21',995566,2918843),(36256877,407887,'2021-03-31',4016505,4469011),(36257067,327255,'2019-10-25',7017139,2932522),(36441760,583069,'2021-06-13',3246227,9058587),(36484213,84332,'2021-12-20',7017139,844210),(36520518,301043,'2020-07-07',1929590,8440442),(36596607,939291,'2020-12-01',1258930,2918843),(36610110,738912,'2020-02-23',7129957,2803334),(36621748,656610,'2019-11-30',3993336,3902920),(36717092,102800,'2019-08-23',5782092,1854551),(36893235,880736,'2021-02-18',1403038,3401158),(37171671,282734,'2021-10-19',4487735,7017139),(37237505,573389,'2022-01-06',1684156,6275829),(37320644,869707,'2021-08-10',5586888,8904857),(37381477,919042,'2020-07-18',4415539,8904857),(37648032,362174,'2022-04-01',4650177,8145228),(37670070,568327,'2019-07-30',1838432,1758946),(37709356,465060,'2020-12-26',2751941,1944969),(37896554,803946,'2019-11-14',4841085,6342025),(37929379,177260,'2022-01-14',7396297,1758946),(38003869,822776,'2021-08-20',4016505,5152699),(38040396,741525,'2020-10-29',3401158,179696),(38257570,448723,'2021-04-01',381079,7922246),(38551850,528714,'2020-12-15',3145998,565829),(38954900,165847,'2019-07-17',8608580,3918139),(38979350,487721,'2019-12-05',7726797,8139971),(39008237,545408,'2019-06-21',2317027,8608580),(39058046,660913,'2021-03-19',1685359,7922246),(39189257,651496,'2021-12-17',2932522,5230806),(39232430,800440,'2020-08-28',3983212,1685359),(39288965,361623,'2021-01-24',1595198,4469011),(39292550,845824,'2021-03-22',3981433,7239570),(39318848,69892,'2020-09-02',6514593,2738600),(39385855,743028,'2022-01-21',4193349,1837923),(39524236,981582,'2021-01-01',8745956,9058587),(39561921,544145,'2021-05-17',5269988,2069523),(39573090,330861,'2021-09-14',6860552,7150330),(39647783,907687,'2020-08-25',8745956,1918206),(39725953,726496,'2020-12-08',2318464,1854551),(39854797,818323,'2020-12-05',3429430,6680960),(39878434,704682,'2021-10-20',4487735,4848230),(39903471,106583,'2020-09-27',8384408,3429430),(40043507,793215,'2022-04-24',675058,8050986),(40096380,247424,'2021-07-19',3146676,4029152),(40146939,270410,'2019-06-16',7717512,7239570),(40152948,538475,'2020-07-06',3401158,4487735),(40165473,471719,'2019-06-06',8690784,7717512),(40185493,641613,'2021-11-26',390981,4415539),(40266552,938370,'2021-01-25',9417292,6135005),(40442291,247873,'2020-12-11',8625069,3378113),(40656900,80108,'2020-10-24',8625069,7702711),(40688977,229883,'2020-04-19',9562009,4124029),(40697956,211468,'2021-06-12',178546,4650177),(40874479,267333,'2020-01-04',1918206,9619754),(40877597,818480,'2020-07-06',5232918,3246227),(40970522,660691,'2021-01-01',7376796,2178185),(41123696,964987,'2020-08-05',1841375,7198077),(41158441,920703,'2020-10-12',8904857,7726797),(41434410,530718,'2021-06-10',7780684,2286618),(41486405,460449,'2019-09-16',8056235,8332507),(41529810,844280,'2019-05-18',4760410,8625069),(41591301,490778,'2021-12-03',4482847,5264339),(41755901,940822,'2019-12-05',381079,8690784),(41923679,169349,'2019-05-18',1573909,4469011),(41938103,1572,'2022-01-01',1379726,1685359),(42059817,697764,'2020-01-22',9619754,8332507),(42065376,266865,'2019-07-11',7867915,1564742),(42242610,846490,'2021-07-10',9562009,4482847),(42308945,578965,'2021-02-20',7239570,7582719),(42466974,23160,'2020-05-01',637026,3918139),(42580565,84582,'2020-11-07',12087,3902920),(42645756,37708,'2020-01-23',2317027,7376796),(42730009,622008,'2021-10-03',5230806,4848230),(42738119,317647,'2019-10-16',2892243,7017139),(42793052,168890,'2020-06-21',2300567,1838432),(42839576,718153,'2020-07-03',1897811,2588180),(43037074,534837,'2019-06-22',1897811,5678611),(43083918,22190,'2020-10-28',4029152,9863397),(43311576,270492,'2020-05-16',9562009,6514593),(43373802,695220,'2020-12-04',4305734,3401158),(43524802,434661,'2021-12-02',3053309,508439),(43564603,673064,'2020-04-04',1661821,12087),(43598570,884574,'2019-05-08',8477054,2918843),(43712587,476229,'2021-04-22',6135005,8473841),(43725464,325553,'2021-12-15',2294532,1841375),(43852762,806465,'2021-06-03',2237180,637026),(43882849,250686,'2019-09-19',381079,12087),(43900209,740435,'2022-04-18',1684156,4091730),(44221364,903968,'2019-12-22',9941737,4469011),(44245701,554194,'2021-11-15',5179462,8332507),(44259044,404508,'2022-03-10',2300567,1573909),(44534220,103382,'2021-06-11',2069523,1929590),(44612641,280364,'2020-02-01',8473841,1403038),(44686595,561240,'2020-06-21',7129957,6459891),(44833080,819998,'2021-03-06',8332507,7129957),(45030860,459418,'2020-09-15',4482847,8434318),(45066343,141524,'2021-05-14',492305,7851233),(45430470,34923,'2019-08-14',7376796,2293622),(45643753,825435,'2020-11-04',9712150,1959606),(45711219,818370,'2022-02-13',1258930,4760410),(45741082,268610,'2021-04-22',8477054,1684156),(45952754,711967,'2020-07-20',7726797,3098710),(45985730,447368,'2020-05-02',3145998,4532529),(45993129,939579,'2020-05-11',1838432,3330896),(46059452,270262,'2021-06-23',4124029,6860552),(46183763,336061,'2021-11-14',178546,381079),(46193363,497693,'2019-09-15',1918206,5269988),(46273603,300529,'2020-01-03',3330896,2318464),(46325296,683570,'2019-08-23',3053309,8434318),(46367717,347559,'2021-09-26',2237180,9839959),(46373517,664405,'2022-03-30',1737753,6860552),(46435411,777533,'2021-08-15',4415539,2803334),(46594826,923635,'2022-01-16',4042524,1684156),(46663944,934233,'2021-12-03',9866636,6680960),(46797274,72166,'2020-12-29',7150330,565829),(46909930,392241,'2020-02-04',4706604,7198077),(46926308,706505,'2021-04-24',1959606,3993336),(46957727,40115,'2019-08-02',1737753,1661821),(47058184,469542,'2020-09-23',4192413,1315743),(47067495,468770,'2021-03-27',4760410,3918139),(47069178,756581,'2020-08-26',9389880,9751785),(47135308,351778,'2019-06-02',7726797,2751941),(47227528,570668,'2022-03-02',2237180,4016505),(47397963,310090,'2020-03-27',4124029,1959535),(47476528,43011,'2021-09-25',4305734,2318464),(47502899,807064,'2020-07-02',4482847,2892243),(47546096,287021,'2021-06-09',8434318,2588180),(47783369,493250,'2019-05-27',7396297,8473841),(47882837,791799,'2019-05-13',6275829,2751941),(48057191,948347,'2020-05-31',1944969,5232918),(48063768,570221,'2021-09-09',1685359,4091730),(48115029,386787,'2020-02-07',1318866,7239570),(48310654,334104,'2019-06-11',8235692,5279276),(48318501,770751,'2019-05-08',1403038,9866636),(48386848,798604,'2020-09-15',8625069,7851233),(48575095,125279,'2019-11-06',8586319,7644234),(48599568,878749,'2021-11-22',1644944,5232918),(48767443,448356,'2019-10-16',6514593,9808204),(48774896,316507,'2021-03-15',4402328,6692293),(48847348,760740,'2019-10-03',4029152,7922246),(48901739,839738,'2019-12-10',3098710,995566),(49020245,774802,'2019-12-19',8745956,8434318),(49083129,8577,'2021-04-08',610572,2588180),(49225564,652832,'2020-07-09',7780684,9941737),(49234503,127866,'2020-02-17',4760410,1023241),(49243608,800141,'2021-04-22',4415539,9839959),(49319261,535559,'2020-11-22',9229157,1315743),(49321000,55648,'2020-10-20',9908101,844210),(49323448,739400,'2021-06-05',2317027,2803334),(49383813,191536,'2021-11-23',3246227,8608580),(49405316,707907,'2020-10-07',4124029,3378113),(49502290,969848,'2020-04-24',9866636,1379726),(49696348,917344,'2021-01-22',4029152,1918206),(49808445,945092,'2021-08-23',4402328,6369571),(50328187,851287,'2022-02-14',1899171,3053309),(50820748,853843,'2020-02-24',4091730,6692293),(50982914,131776,'2021-08-08',390981,7385746),(50994287,114122,'2020-09-30',8235692,8077161),(51099141,770866,'2021-09-08',9562009,4183447),(51170646,786175,'2021-03-22',6459891,9058587),(51277945,587577,'2020-10-09',9058587,9389880),(51358320,260021,'2021-01-13',7922246,7017139),(51395239,796389,'2019-10-12',9863397,7717512),(51637114,243186,'2019-11-01',7644234,1271952),(51722910,720712,'2021-04-10',4870480,4305734),(51730689,407637,'2021-08-06',5152699,151755),(52028219,9043,'2019-07-30',637026,1962515),(52099803,98590,'2019-05-11',2751941,3981433),(52284264,750144,'2021-05-21',3918139,7026499),(52316672,219917,'2020-10-11',4239823,4698183),(52421175,325377,'2019-12-10',1854551,8050986),(52450287,895190,'2019-12-26',1684156,508439),(52494530,234659,'2020-02-25',8690784,8904857),(52564726,568896,'2019-09-20',1271952,9619754),(52650889,917050,'2021-02-19',1685359,1884729),(52654929,357892,'2022-01-23',5264339,5269988),(52724470,802248,'2021-08-28',5021287,1841375),(52901436,558063,'2021-06-21',5179462,1590099),(52919792,503232,'2021-05-10',5279276,8625069),(52994011,307727,'2020-03-08',844210,5678611),(53070952,537241,'2019-05-09',6860552,178546),(53263797,836375,'2019-12-21',7129957,1837923),(53368952,71227,'2022-01-25',3571746,1899171),(53423484,864828,'2021-09-13',6342025,1271952),(53516357,158124,'2020-01-31',1959606,4532529),(53609022,999265,'2020-08-20',9417292,4482847),(53611477,812987,'2020-09-26',5264339,8586319),(53659234,634474,'2020-10-05',2294532,844210),(53772249,992819,'2020-05-20',1929590,2178185),(53866824,548647,'2019-05-02',9808204,3936276),(53884084,361114,'2019-10-15',1884729,5021287),(53937702,496989,'2019-09-18',1959606,3098710),(54003848,237703,'2020-03-01',8077161,7867915),(54159543,475003,'2020-09-22',4042524,7198077),(54337833,918810,'2021-12-15',3429430,8608580),(54355438,820253,'2020-02-29',1962515,1573909),(54377850,731118,'2021-04-14',565829,7518758),(54495953,694474,'2020-04-22',6860552,8077161),(54604950,179658,'2019-06-05',69443,1573909),(54792947,528040,'2019-11-17',8235692,1929590),(54847479,649655,'2020-01-07',5279276,9160072),(55057696,931834,'2020-04-17',9389880,7780684),(55097749,580869,'2020-09-13',1250912,5021287),(55115210,665891,'2020-06-08',9757038,5230806),(55123492,655754,'2021-04-27',5586888,9562009),(55171713,974815,'2021-07-28',151755,8690784),(55189561,299792,'2021-06-03',8690784,1318866),(55392556,954067,'2021-02-19',4532529,246528),(55438548,610370,'2021-09-28',8077161,3429430),(55539855,142490,'2022-03-05',1758946,3053309),(55587657,347067,'2020-07-20',1403038,1595198),(55736145,519043,'2019-08-21',4848230,5179462),(55814727,510075,'2019-06-16',1962515,1841375),(56102494,687783,'2020-06-18',1685359,2575377),(56156648,340787,'2019-05-02',7198077,4706604),(56176652,611047,'2020-04-29',8077161,1758946),(56220586,697855,'2021-07-21',3660685,4469011),(56269999,992861,'2020-01-06',9389880,7376796),(56333692,818859,'2021-04-10',381079,1737753),(56355820,88450,'2020-11-01',179696,844210),(56359277,215470,'2021-03-25',5269988,4042524),(56639912,943092,'2020-02-20',7708219,2411215),(56658635,320328,'2019-10-24',7851233,9058587),(56715733,383378,'2021-10-31',8473841,3330896),(56993606,938623,'2021-12-01',1403038,1023241),(57087411,990765,'2019-08-07',7129957,9773160),(57093984,341274,'2019-07-18',6514593,2300567),(57106259,815100,'2019-09-29',4841085,1590099),(57139563,946505,'2021-02-16',4239823,1737753),(57197766,760135,'2020-03-01',7150330,3918139),(57242603,771349,'2021-06-06',9229157,5678611),(57407453,381339,'2021-05-27',9908101,4016505),(57439447,140762,'2019-09-04',5782092,4698183),(57494148,254804,'2019-09-07',637026,5021287),(57501231,336223,'2019-09-26',7239570,4029152),(57570443,649754,'2020-02-29',4042524,637026),(57608929,350069,'2020-08-05',5043493,6369571),(57641131,543617,'2019-08-18',9058587,7708219),(57866151,229537,'2020-02-06',7644234,9712150),(57898193,989173,'2020-03-20',9751785,5179462),(58017029,119898,'2021-10-31',8384408,5037050),(58168300,174448,'2019-12-19',7708219,8586319),(58196937,631115,'2022-03-12',9808204,3052316),(58447971,890337,'2019-11-14',3401158,7026499),(58558224,559721,'2019-08-12',1899171,4305734),(58683738,890466,'2021-09-03',2751941,2318464),(58707318,879140,'2022-04-02',4402328,1684156),(58712857,681842,'2022-04-16',7376796,1379726),(58833250,212160,'2021-04-20',1959606,2293622),(58865953,290234,'2021-01-14',2178185,7726797),(58904175,894234,'2021-06-17',2588180,7867915),(58925144,486277,'2022-01-21',1737753,508439),(59005492,978268,'2020-02-24',9866636,9751785),(59181478,74304,'2021-06-08',7644234,3098710),(59253951,933139,'2021-04-11',3902920,4016505),(59297531,789062,'2021-10-31',8586319,1684156),(59448411,479472,'2022-02-21',1776525,2069523),(59546389,470573,'2020-01-15',7385746,4091730),(59591621,171313,'2020-01-23',246528,2932522),(59719144,132063,'2021-01-01',8473841,9417292),(59763741,371357,'2019-12-07',8586319,8235692),(59834593,179908,'2022-04-05',9839959,5232918),(59894481,542178,'2021-12-14',8625069,1684156),(60001305,726995,'2020-11-10',2294532,7350554),(60136660,229795,'2022-01-12',9160072,9160072),(60278824,452842,'2022-03-10',6275829,995566),(60295246,52610,'2020-12-21',9562009,3993336),(60295931,988522,'2022-03-13',1564742,565829),(60383618,705494,'2021-02-22',8586319,610572),(60394935,908365,'2019-06-27',69443,3146676),(60436679,960413,'2019-08-25',3394107,1884729),(60440439,837273,'2020-05-20',6369571,4841085),(60448012,783470,'2021-03-27',69443,2588180),(60617332,321933,'2020-10-31',3660685,2932522),(60680580,419957,'2020-02-07',6481419,8745956),(60716751,992173,'2020-05-20',1897811,1315743),(60772759,102206,'2022-02-19',1776525,2262445),(60834032,51846,'2021-08-12',4482847,3429430),(61033966,860275,'2020-09-24',3981433,4760410),(61039019,327939,'2020-02-10',8440442,9619754),(61148537,268267,'2021-01-11',1838432,9712150),(61180342,215393,'2021-10-01',8608580,9619754),(61227393,115864,'2019-08-05',1962515,8745956),(61271023,207824,'2019-06-26',9863397,9326982),(61316991,482731,'2021-07-15',8440442,1315743),(61511307,480851,'2022-02-20',1684156,8625069),(61519928,798737,'2021-12-17',3394107,4760410),(61552052,14174,'2022-03-25',2286618,5179462),(61569183,24944,'2021-04-29',4760410,5152699),(61572645,181302,'2021-05-20',7582719,6159432),(61590132,403270,'2020-03-04',4532529,7708219),(61596375,398380,'2021-11-04',2803334,1959606),(61602036,304347,'2021-04-18',3429430,6481419),(61640150,107050,'2021-08-06',6680960,5678611),(61751790,227171,'2019-09-04',4698183,8473841),(61865773,417398,'2021-02-23',3052316,1271952),(61916856,996496,'2019-08-25',5152699,1918206),(61974174,106168,'2020-08-20',844210,9773160),(62107591,739117,'2022-04-19',5279276,7376796),(62457018,189250,'2020-03-01',1685359,9008549),(62487432,602032,'2019-05-02',1318866,9562009),(62614256,837822,'2020-11-26',1897811,4706604),(62657035,619941,'2020-02-23',5264339,4650177),(62818646,657694,'2021-03-02',3378113,6369571),(62820529,503427,'2021-12-23',1023241,9336993),(62821412,750024,'2022-04-03',8145228,9908101),(62835952,967995,'2021-09-22',1841375,995566),(62881447,933823,'2020-05-23',7129957,151755),(62981187,203694,'2022-01-05',4193349,7350554),(63008359,849160,'2019-09-05',7644234,3401158),(63115349,574402,'2019-06-06',610572,3053309),(63153080,24403,'2019-06-09',6342025,4239823),(63224097,242533,'2020-09-11',8050986,5269988),(63291991,704556,'2021-08-14',3660685,1590099),(63388664,300274,'2020-12-18',2294532,7595690),(63404364,475884,'2021-08-23',9863397,3246227),(63544723,380055,'2020-07-14',9336993,1837923),(63592946,240035,'2021-07-30',4305734,5037050),(63712500,932522,'2021-06-25',1661821,4042524),(63719180,810370,'2021-11-13',1897811,6692293),(63785018,911297,'2021-08-12',9941737,8145228),(63932839,862433,'2019-05-25',1776525,3983212),(63944065,937199,'2021-12-04',9773160,3394107),(63983207,636920,'2021-12-13',4482847,7867915),(64021174,179925,'2021-11-14',5232918,9757038),(64471180,804998,'2020-02-05',7385746,6860552),(64479357,997132,'2019-12-18',3902920,5232918),(64756103,246590,'2020-02-27',4415539,1884729),(64834081,751076,'2019-06-08',8139971,6575388),(64846673,556685,'2020-09-20',8145228,2294532),(64856203,96608,'2019-11-05',8434318,4183447),(65140902,620844,'2020-08-03',9417292,4760410),(65142894,981303,'2021-01-09',2317027,1918206),(65246514,392835,'2020-03-24',1929590,4487735),(65264842,255367,'2022-02-26',1841375,9712150),(65304178,279438,'2021-02-25',7150330,1776525),(65313277,723336,'2021-09-13',8745956,1944969),(65412621,408288,'2020-07-14',3330896,8332507),(65474059,182030,'2020-04-21',9562009,1661821),(65507521,348645,'2020-10-28',12087,4402328),(65552431,143918,'2020-08-21',8745956,7349834),(65688252,385161,'2020-05-11',3429430,4415539),(65699923,822052,'2021-03-12',1573909,2411215),(65915755,335757,'2020-03-27',390981,9808204),(66114985,198195,'2022-04-18',5232918,5152699),(66171794,860156,'2019-06-28',2932522,2269432),(66244191,563098,'2019-05-04',7017139,3330896),(66293203,190190,'2021-07-02',9562009,7717512),(66564997,964561,'2021-12-04',1959535,1838432),(66679816,665765,'2020-07-13',5021287,7150330),(66784065,327932,'2020-01-25',1962515,1959535),(66857764,445741,'2020-09-12',7702711,7717512),(66949956,720485,'2021-01-18',2803334,8473841),(67094547,345322,'2020-07-05',2751941,2588180),(67176315,845480,'2020-03-19',362609,4698183),(67286539,259252,'2021-10-13',1271952,675058),(67300870,651718,'2021-06-16',2932522,7595690),(67401351,683452,'2021-01-09',7385746,1899171),(67696545,186469,'2019-12-20',69443,4841085),(67728870,667710,'2020-04-10',9336993,4042524),(67896905,875660,'2021-10-05',5232918,9058587),(68076849,375003,'2020-10-13',6680960,6459891),(68220789,429483,'2019-12-02',6514593,1403038),(68253867,497374,'2021-03-01',565829,995566),(68382745,993024,'2020-08-04',1758946,8145228),(68405765,250036,'2021-08-12',995566,4650177),(68444196,393709,'2021-04-29',7026499,3146676),(68517286,910695,'2020-09-21',1837923,637026),(68576973,216422,'2019-11-21',8434318,1403038),(68656105,332362,'2021-09-10',381079,4042524),(68815201,916492,'2021-10-19',9941737,6692293),(68918296,861180,'2019-11-22',7726797,6135005),(69097430,410703,'2022-01-28',2262445,1661821),(69116378,268439,'2020-09-11',5179462,3146676),(69210185,327992,'2021-03-10',6275829,9008549),(69366090,801681,'2020-06-08',1271952,7385746),(69610609,996510,'2021-11-21',8077161,2294532),(69613148,402244,'2020-08-19',637026,2317027),(69614773,189853,'2021-06-07',8745956,4870480),(69665235,587897,'2020-04-11',179696,7644234),(69800003,935579,'2021-10-20',7337255,4841085),(70052284,532215,'2020-12-09',637026,637026),(70305808,700730,'2021-10-25',8434318,1595198),(70489136,947801,'2020-12-07',8440442,7595690),(70505496,577025,'2019-08-05',2424723,3936276),(70528422,101626,'2021-10-21',3981433,1379726),(70547219,979005,'2019-10-24',7349834,5037050),(70719072,250097,'2021-10-10',5179462,7396297),(70814973,470679,'2020-01-14',8608580,1644944),(70838181,266718,'2020-05-11',6275829,7129957),(70857771,483513,'2019-06-03',2293622,2300567),(70985623,964829,'2019-10-10',7396297,5232918),(71109534,808737,'2021-09-16',3936276,4183447),(71138995,838669,'2021-04-08',1737753,3936276),(71257285,281385,'2020-03-06',8473841,2300567),(71399904,986898,'2021-11-11',1918206,9941737),(71503940,674809,'2021-04-24',362609,7518758),(71514844,292897,'2020-12-05',6680960,1644944),(71823049,259540,'2022-02-15',9562009,9417292),(71823824,176357,'2020-11-03',1897811,390981),(71851302,98142,'2021-02-27',3145998,3378113),(71889497,239670,'2021-07-15',7396297,2803334),(71903607,643592,'2021-10-06',7518758,1644944),(71914808,303312,'2021-08-31',9417292,3429430),(71967008,194510,'2021-08-31',3918139,8608580),(72252493,719146,'2021-02-05',1837923,8050986),(72404044,773942,'2022-03-06',7518758,2294532),(72459457,669145,'2021-07-28',1573909,4487735),(72517260,782241,'2019-11-03',9160072,1661821),(72681537,475474,'2020-03-14',4698183,1897811),(72682164,294848,'2020-07-27',8608580,1962515),(72767330,689090,'2021-07-11',4305734,179696),(72837374,750698,'2021-02-09',7780684,5230806),(72924518,143361,'2019-04-28',5264339,6275829),(73025721,369960,'2019-10-21',3146676,1929590),(73035920,512469,'2020-07-08',246528,8056235),(73095011,662152,'2019-11-15',8608580,7595690),(73170616,699257,'2021-03-10',3981433,9619754),(73179900,263491,'2021-03-20',1737753,9773160),(73331684,539830,'2020-04-22',7595690,7017139),(73398813,492601,'2020-03-27',5021287,8904857),(73412105,831820,'2020-01-25',3378113,3394107),(73552074,526366,'2021-10-23',1023241,2262445),(73587806,885695,'2019-08-24',12087,8332507),(73671214,686789,'2020-12-12',381079,565829),(73714778,481473,'2021-06-13',1758946,3981433),(73752111,102502,'2020-05-12',5232918,4124029),(74047244,599270,'2020-09-27',1962515,3918139),(74049995,667832,'2021-01-24',9757038,4402328),(74230158,135206,'2020-02-22',7239570,5269988),(74379656,943660,'2021-05-28',9757038,8690784),(74506576,476556,'2021-09-18',1379726,5043493),(74555794,767775,'2020-08-14',2751941,7851233),(74559493,883299,'2019-11-29',9808204,1929590),(74677441,677594,'2020-02-20',995566,4698183),(74845543,287422,'2020-02-14',9389880,4091730),(74890767,352164,'2021-07-06',390981,1884729),(74926912,569038,'2021-12-19',1959535,2294532),(75095450,559803,'2021-11-19',9839959,1899171),(75197210,943424,'2021-11-20',1854551,2237180),(75211607,502272,'2019-04-29',1573909,7708219),(75274671,907031,'2021-11-15',3401158,8473841),(75294950,563519,'2020-05-25',6983170,246528),(75420304,546922,'2022-03-15',2237180,3918139),(75611367,590561,'2021-03-19',4016505,3330896),(75892169,819294,'2021-11-12',7851233,9619754),(75910153,97443,'2019-10-03',1595198,4192413),(76054754,561548,'2021-06-27',7150330,2575377),(76101730,409127,'2020-11-23',7349834,8608580),(76243889,365106,'2020-06-02',6860552,1776525),(76341822,877919,'2020-05-11',8434318,7595690),(76539871,935646,'2021-12-28',7851233,8625069),(76709310,797561,'2020-01-30',4487735,4239823),(76823073,74163,'2020-01-18',7851233,7349834),(76830482,308897,'2019-12-31',2575377,2411215),(76910675,565724,'2021-05-08',9229157,2069523),(77008916,551562,'2020-07-05',1837923,362609),(77117462,738485,'2021-02-02',2293622,1403038),(77178041,341123,'2022-03-08',5230806,1899171),(77183095,533100,'2019-11-16',4650177,9751785),(77252168,100184,'2021-05-31',7595690,3429430),(77276036,57308,'2019-06-04',5782092,1661821),(77340322,971600,'2019-05-31',7017139,9866636),(77431448,71049,'2019-05-23',1962515,3053309),(77453463,192111,'2022-01-21',8145228,4124029),(77548888,292180,'2019-12-20',8145228,362609),(77596209,130609,'2021-11-16',2237180,7017139),(77907439,985621,'2019-06-05',7518758,9863397),(78011012,855533,'2019-11-18',3330896,6860552),(78012360,446991,'2021-02-17',1884729,6342025),(78037094,539727,'2020-12-21',7350554,1837923),(78098043,180415,'2021-01-05',8608580,2738600),(78108717,53924,'2019-06-17',610572,5179462),(78152362,953958,'2020-06-13',9160072,5179462),(78318210,37587,'2022-02-26',4091730,675058),(78346614,358717,'2019-05-24',2751941,151755),(78421511,606312,'2021-06-13',7385746,8434318),(78524487,422073,'2019-12-10',2069523,4402328),(78707593,469163,'2020-03-26',1918206,9773160),(78905721,657353,'2021-08-06',4848230,1884729),(78936721,933340,'2021-10-30',3146676,381079),(78986889,790307,'2019-12-09',2286618,2424723),(79031062,240220,'2022-04-04',9751785,3429430),(79067824,43081,'2019-08-21',9773160,8586319),(79068873,650963,'2019-10-06',6275829,1899171),(79267080,506057,'2019-05-24',7702711,4016505),(79293226,476945,'2019-12-26',3429430,7726797),(79317090,850772,'2020-05-25',5043493,1884729),(79432706,161509,'2021-01-06',4193349,2918843),(79478898,38382,'2020-11-13',151755,3053309),(79575695,989865,'2021-09-23',4841085,4870480),(79577751,89297,'2020-01-09',8440442,6860552),(79612033,861643,'2022-04-03',2286618,3401158),(79795759,107050,'2019-12-05',1403038,9839959),(79935626,965733,'2020-08-08',8608580,2751941),(79936986,537647,'2020-01-13',2317027,9712150),(79980910,589859,'2019-06-06',1944969,7867915),(80171610,212813,'2020-09-29',8477054,6275829),(80195209,923362,'2020-11-12',4469011,6860552),(80218742,284029,'2020-09-30',5232918,6514593),(80310200,708053,'2022-01-16',7337255,4848230),(80380017,318562,'2020-12-28',6692293,8145228),(80526266,782160,'2021-02-21',2892243,2300567),(80641316,457013,'2019-11-15',9229157,1258930),(80682921,654427,'2020-10-03',6680960,1379726),(80753432,83976,'2020-12-28',6575388,7922246),(81027117,912490,'2021-09-29',7595690,508439),(81136775,479823,'2020-05-29',362609,381079),(81297969,252952,'2021-03-23',9712150,7780684),(81309905,290475,'2021-10-02',8145228,9008549),(81423789,17147,'2021-08-15',7717512,12087),(81659039,861643,'2021-12-01',4482847,6983170),(81797341,50248,'2022-04-13',2317027,4706604),(81820178,540463,'2022-01-17',7644234,1959535),(81872778,522972,'2021-02-21',7780684,7150330),(82212545,669820,'2020-08-02',5782092,4482847),(82276669,91380,'2022-03-15',7150330,7017139),(82321529,540615,'2021-01-25',3401158,8056235),(82323064,163119,'2019-05-16',4841085,1737753),(82399676,574688,'2019-07-27',390981,7396297),(82517730,938298,'2020-01-03',3936276,2411215),(82742328,24347,'2021-06-02',4193349,8235692),(82757419,72054,'2020-06-15',4487735,2892243),(82972908,889796,'2022-04-02',6680960,5232918),(83058474,671854,'2019-11-24',6369571,7702711),(83140824,993852,'2020-09-03',7396297,1929590),(83247526,195420,'2021-12-10',6369571,3660685),(83330351,819913,'2020-07-09',7017139,8434318),(83332092,85490,'2019-05-09',6860552,3918139),(83510043,351468,'2020-08-10',2411215,9389880),(83554397,404066,'2019-06-24',1315743,6342025),(83614204,477595,'2022-03-05',2300567,8440442),(83669216,909643,'2020-04-04',9326982,637026),(83720971,530655,'2022-01-09',7518758,6459891),(83947603,717596,'2019-07-29',7385746,2424723),(83959953,773850,'2019-09-27',1918206,8077161),(83969427,781138,'2021-12-07',3330896,8745956),(84398538,321395,'2021-08-09',6159432,3145998),(84488538,344937,'2022-01-29',3401158,1644944),(84507036,101068,'2021-09-12',492305,4841085),(84580590,167904,'2020-09-07',7644234,5586888),(84656227,26456,'2020-03-13',7708219,4870480),(84671572,926649,'2020-10-27',637026,9941737),(84917142,129721,'2020-03-14',5678611,9326982),(85060726,881273,'2021-12-08',1684156,2269432),(85090534,483923,'2020-12-23',2300567,1684156),(85191975,176261,'2019-06-27',6369571,7150330),(85336799,505474,'2019-07-23',5678611,9160072),(85353446,292244,'2020-01-22',6275829,2293622),(85358852,952698,'2022-04-12',9808204,1685359),(85421698,201263,'2021-08-13',5269988,9229157),(85486193,372457,'2020-07-31',3902920,6514593),(85521698,277109,'2020-03-18',7026499,1564742),(85554755,638869,'2021-11-07',5232918,9863397),(85722864,251267,'2022-02-03',8586319,3052316),(85735386,881243,'2019-08-08',2318464,6459891),(85738836,922360,'2019-05-11',246528,9908101),(85790015,57510,'2021-03-08',3993336,8235692),(85817029,450673,'2021-05-26',4532529,8145228),(85883260,476295,'2021-11-12',1897811,7644234),(85887964,478068,'2019-10-31',1258930,4706604),(85921318,747310,'2020-06-27',6459891,8477054),(86024370,817451,'2021-04-06',8056235,1684156),(86044849,524913,'2019-09-05',6135005,5264339),(86117973,400090,'2019-08-31',9562009,4124029),(86196762,286854,'2022-02-05',4532529,2286618),(86196964,200130,'2019-11-19',8586319,7349834),(86687852,105706,'2021-12-13',381079,6135005),(86869787,555849,'2021-10-11',3571746,1959606),(86984507,884356,'2021-11-18',1661821,7717512),(87077364,996078,'2021-08-21',8139971,9619754),(87232909,298913,'2021-02-18',151755,4193349),(87249807,845822,'2021-06-27',4192413,4305734),(87496838,382026,'2021-10-23',1962515,6481419),(87501697,160553,'2020-03-23',3053309,8384408),(87519649,635949,'2020-05-10',1595198,9336993),(87564626,433153,'2020-10-26',565829,7129957),(87645204,248360,'2021-05-16',8434318,7337255),(87729981,320020,'2020-03-18',1023241,6575388),(87911951,997909,'2020-11-07',3330896,4415539),(87954636,188963,'2020-02-01',9908101,4016505),(88016199,355510,'2022-01-08',7350554,1962515),(88028704,370462,'2021-12-02',7350554,7708219),(88112472,132573,'2019-07-30',4532529,4305734),(88330588,278960,'2020-08-28',1854551,2317027),(88427223,12047,'2020-01-16',1564742,3146676),(88471359,591101,'2021-02-19',1959535,5264339),(88486111,244821,'2020-11-14',6983170,4042524),(88586136,475834,'2019-05-14',4848230,1897811),(88795358,164080,'2022-04-15',9229157,6275829),(89077699,304138,'2021-07-19',2575377,5043493),(89109324,196472,'2019-08-01',6135005,9757038),(89220327,425574,'2021-01-07',8440442,2588180),(89472580,299027,'2021-09-22',6514593,508439),(89668066,760267,'2022-01-22',8050986,2069523),(89733860,259611,'2019-12-03',2803334,7644234),(89764266,915143,'2020-10-27',1918206,1573909),(89770210,542990,'2019-06-03',2300567,5586888),(89884360,799566,'2019-05-29',6514593,8477054),(89907587,258960,'2020-07-20',1564742,9863397),(90200178,473486,'2021-11-16',7922246,6860552),(90276106,358453,'2021-07-18',2892243,844210),(90356290,586240,'2020-12-08',637026,2803334),(90557978,329762,'2022-04-01',4698183,6481419),(90576887,497965,'2020-05-15',7239570,9866636),(90626456,712827,'2020-06-25',9326982,2918843),(90865477,627506,'2019-08-17',6680960,6342025),(90886462,940236,'2021-06-24',3571746,2286618),(91058992,254358,'2020-05-15',7726797,9908101),(91091211,167837,'2021-05-10',4650177,7644234),(91143196,650191,'2020-11-12',4469011,5586888),(91147047,469693,'2022-02-03',7708219,9863397),(91182619,153648,'2020-07-22',9229157,2932522),(91209995,94286,'2021-07-12',1250912,1403038),(91259322,706266,'2019-08-04',9773160,8056235),(91321363,436213,'2021-05-28',5586888,1271952),(91337849,424134,'2020-06-08',1776525,1962515),(91574049,218376,'2019-11-17',362609,6135005),(91612927,523720,'2021-09-16',7518758,4042524),(91669162,924535,'2019-06-24',508439,1573909),(91783109,575119,'2021-04-21',2269432,7350554),(91829118,928571,'2019-05-12',492305,3660685),(91924751,506907,'2021-11-27',8139971,1959535),(91958934,128615,'2021-08-20',7026499,5152699),(92050668,709964,'2020-12-09',7017139,6514593),(92186395,822437,'2021-11-11',7350554,7239570),(92231622,694705,'2021-02-14',1595198,246528),(92252221,320484,'2022-04-25',1758946,8473841),(92418980,553347,'2021-05-13',7239570,3993336),(92430303,912022,'2020-07-31',7337255,9562009),(92489067,747898,'2020-02-15',6481419,5269988),(92763829,944893,'2021-06-10',675058,4841085),(92764002,563310,'2021-01-18',1854551,2918843),(92815543,736603,'2019-09-02',4650177,2575377),(92950791,740835,'2021-08-08',9908101,1379726),(93029363,875824,'2021-09-03',8050986,3330896),(93065189,286743,'2021-03-12',3660685,9562009),(93119418,731883,'2021-01-16',1841375,4415539),(93164118,899152,'2021-06-06',6575388,8745956),(93192167,323531,'2021-09-27',1684156,3429430),(93227192,839485,'2021-11-17',1899171,1884729),(93260825,341343,'2020-10-16',1841375,8235692),(93438178,322777,'2019-05-17',4706604,1758946),(93610160,170268,'2022-03-04',1564742,1854551),(93832991,671137,'2019-06-23',4487735,1841375),(93932503,818792,'2022-01-05',8690784,5232918),(93940130,926107,'2021-02-14',3053309,7582719),(94032252,548890,'2021-12-06',3981433,69443),(94103458,127998,'2021-04-25',1271952,9712150),(94328012,661461,'2020-08-15',5152699,9336993),(94367363,529364,'2021-10-31',8332507,1776525),(94434323,258041,'2020-11-19',7376796,4848230),(94438841,923749,'2019-10-02',1573909,4532529),(94500858,601107,'2021-09-22',2069523,4848230),(94701962,7660,'2019-09-07',1315743,151755),(94708044,165196,'2019-07-05',6860552,5782092),(94926174,206078,'2022-03-21',4192413,492305),(95433585,786721,'2022-02-24',9417292,2269432),(95464578,171931,'2020-01-10',9757038,8332507),(95635665,921609,'2019-11-03',8477054,610572),(95769396,416936,'2020-03-05',1838432,4402328),(95904019,771455,'2020-05-07',7726797,6342025),(95923458,852646,'2021-12-01',4402328,2738600),(95966435,242387,'2022-02-07',3378113,7198077),(96039343,307991,'2020-04-16',8434318,4124029),(96100723,632083,'2022-04-20',7198077,1258930),(96204485,786013,'2021-12-23',2424723,7726797),(96337870,853142,'2021-02-23',1841375,6481419),(96434260,74896,'2020-05-10',4870480,3993336),(96459735,241399,'2022-01-31',1918206,7851233),(96543897,650258,'2021-01-26',1854551,69443),(96628678,110237,'2022-02-26',3401158,6514593),(96772054,383469,'2021-05-06',1944969,4029152),(96818160,886121,'2022-01-28',7780684,4183447),(96972480,416111,'2020-12-19',8050986,9326982),(97108544,503721,'2021-08-15',492305,9058587),(97246852,338448,'2020-05-24',6983170,9712150),(97313861,237426,'2021-03-30',1959606,2300567),(97358252,705664,'2021-02-19',6459891,7726797),(97467100,584290,'2021-08-10',9712150,1023241),(97550976,929996,'2021-08-10',637026,508439),(97728794,528937,'2022-04-11',6860552,179696),(97755924,669473,'2021-06-20',6159432,7708219),(97848512,178000,'2020-02-22',362609,2237180),(97963063,624564,'2019-07-13',4469011,1899171),(98194670,840220,'2021-03-17',3378113,9773160),(98433175,984443,'2019-10-05',1758946,2237180),(98435463,663594,'2021-09-16',1918206,3983212),(98468502,593628,'2019-06-09',7017139,2262445),(98469089,965948,'2020-06-17',8145228,8139971),(98566020,130748,'2020-06-07',1023241,7337255),(98911616,340681,'2019-10-10',1837923,2424723),(98998676,638240,'2022-04-17',5586888,6680960),(99019353,101093,'2020-03-26',7780684,9229157),(99193278,509321,'2020-06-12',1318866,9326982),(99398295,592024,'2022-02-14',7337255,8586319),(99472763,52351,'2020-10-02',7017139,2751941),(99534302,526739,'2022-01-23',4415539,2293622),(99596048,740502,'2021-12-19',7582719,12087),(99630946,802784,'2021-10-04',2069523,8235692),(99743081,983678,'2021-03-02',8625069,6575388),(99762939,836131,'2020-03-22',8077161,4532529);
/*!40000 ALTER TABLE `transaction_hist` ENABLE KEYS */;
UNLOCK TABLES;

--
-- Temporary view structure for view `transactions`
--

DROP TABLE IF EXISTS `transactions`;
/*!50001 DROP VIEW IF EXISTS `transactions`*/;
SET @saved_cs_client     = @@character_set_client;
/*!50503 SET character_set_client = utf8mb4 */;
/*!50001 CREATE VIEW `transactions` AS SELECT 
 1 AS `transaction_id`,
 1 AS `amount`,
 1 AS `date`,
 1 AS `debit_from`,
 1 AS `credit_to`*/;
SET character_set_client = @saved_cs_client;

--
-- Temporary view structure for view `view_savings`
--

DROP TABLE IF EXISTS `view_savings`;
/*!50001 DROP VIEW IF EXISTS `view_savings`*/;
SET @saved_cs_client     = @@character_set_client;
/*!50503 SET character_set_client = utf8mb4 */;
/*!50001 CREATE VIEW `view_savings` AS SELECT 
 1 AS `ACC_NO`,
 1 AS `NAME`,
 1 AS `AADHAAR`,
 1 AS `AGE`,
 1 AS `CONTACT`,
 1 AS `CITY`,
 1 AS `ACCOUNT_TYPE`,
 1 AS `BALANCE`,
 1 AS `BRANCH_NO`*/;
SET character_set_client = @saved_cs_client;

--
-- Final view structure for view `emp_details`
--

/*!50001 DROP VIEW IF EXISTS `emp_details`*/;
/*!50001 SET @saved_cs_client          = @@character_set_client */;
/*!50001 SET @saved_cs_results         = @@character_set_results */;
/*!50001 SET @saved_col_connection     = @@collation_connection */;
/*!50001 SET character_set_client      = utf8mb4 */;
/*!50001 SET character_set_results     = utf8mb4 */;
/*!50001 SET collation_connection      = utf8mb4_0900_ai_ci */;
/*!50001 CREATE ALGORITHM=UNDEFINED */
/*!50013 DEFINER=`root`@`localhost` SQL SECURITY DEFINER */
/*!50001 VIEW `emp_details` AS select `employee`.`NAME` AS `name`,`employee`.`AGE` AS `age`,`employee`.`GENDER` AS `gender`,`employee`.`DESIGNATION` AS `designation` from `employee` */;
/*!50001 SET character_set_client      = @saved_cs_client */;
/*!50001 SET character_set_results     = @saved_cs_results */;
/*!50001 SET collation_connection      = @saved_col_connection */;

--
-- Final view structure for view `loan_info`
--

/*!50001 DROP VIEW IF EXISTS `loan_info`*/;
/*!50001 SET @saved_cs_client          = @@character_set_client */;
/*!50001 SET @saved_cs_results         = @@character_set_results */;
/*!50001 SET @saved_col_connection     = @@collation_connection */;
/*!50001 SET character_set_client      = utf8mb4 */;
/*!50001 SET character_set_results     = utf8mb4 */;
/*!50001 SET collation_connection      = utf8mb4_0900_ai_ci */;
/*!50001 CREATE ALGORITHM=UNDEFINED */
/*!50013 DEFINER=`root`@`localhost` SQL SECURITY DEFINER */
/*!50001 VIEW `loan_info` AS select `loan`.`LOAN_NO` AS `loan_no`,`loan`.`AMOUNT` AS `amount`,`loan`.`INTREST` AS `intrest`,`loan`.`SANCTION_DATE` AS `sanction_date`,`loan`.`TYPE` AS `type`,`loan`.`EMPLOYEE_ID` AS `employee_id`,`loan`.`ACC_NO` AS `acc_no` from `loan` */;
/*!50001 SET character_set_client      = @saved_cs_client */;
/*!50001 SET character_set_results     = @saved_cs_results */;
/*!50001 SET collation_connection      = @saved_col_connection */;

--
-- Final view structure for view `transactions`
--

/*!50001 DROP VIEW IF EXISTS `transactions`*/;
/*!50001 SET @saved_cs_client          = @@character_set_client */;
/*!50001 SET @saved_cs_results         = @@character_set_results */;
/*!50001 SET @saved_col_connection     = @@collation_connection */;
/*!50001 SET character_set_client      = utf8mb4 */;
/*!50001 SET character_set_results     = utf8mb4 */;
/*!50001 SET collation_connection      = utf8mb4_0900_ai_ci */;
/*!50001 CREATE ALGORITHM=UNDEFINED */
/*!50013 DEFINER=`root`@`localhost` SQL SECURITY DEFINER */
/*!50001 VIEW `transactions` AS select `transaction_hist`.`TRANSACTION_ID` AS `transaction_id`,`transaction_hist`.`AMOUNT` AS `amount`,`transaction_hist`.`DATE` AS `date`,`transaction_hist`.`DEBIT_FROM` AS `debit_from`,`transaction_hist`.`CREDIT_TO` AS `credit_to` from `transaction_hist` */;
/*!50001 SET character_set_client      = @saved_cs_client */;
/*!50001 SET character_set_results     = @saved_cs_results */;
/*!50001 SET collation_connection      = @saved_col_connection */;

--
-- Final view structure for view `view_savings`
--

/*!50001 DROP VIEW IF EXISTS `view_savings`*/;
/*!50001 SET @saved_cs_client          = @@character_set_client */;
/*!50001 SET @saved_cs_results         = @@character_set_results */;
/*!50001 SET @saved_col_connection     = @@collation_connection */;
/*!50001 SET character_set_client      = utf8mb4 */;
/*!50001 SET character_set_results     = utf8mb4 */;
/*!50001 SET collation_connection      = utf8mb4_0900_ai_ci */;
/*!50001 CREATE ALGORITHM=UNDEFINED */
/*!50013 DEFINER=`root`@`localhost` SQL SECURITY DEFINER */
/*!50001 VIEW `view_savings` AS select `customer`.`ACC_NO` AS `ACC_NO`,`customer`.`NAME` AS `NAME`,`customer`.`AADHAAR` AS `AADHAAR`,`customer`.`AGE` AS `AGE`,`customer`.`CONTACT` AS `CONTACT`,`customer`.`CITY` AS `CITY`,`customer`.`ACCOUNT_TYPE` AS `ACCOUNT_TYPE`,`customer`.`BALANCE` AS `BALANCE`,`customer`.`BRANCH_NO` AS `BRANCH_NO` from `customer` where (`customer`.`ACCOUNT_TYPE` = 'Savings') */;
/*!50001 SET character_set_client      = @saved_cs_client */;
/*!50001 SET character_set_results     = @saved_cs_results */;
/*!50001 SET collation_connection      = @saved_col_connection */;
/*!40103 SET TIME_ZONE=@OLD_TIME_ZONE */;

/*!40101 SET SQL_MODE=@OLD_SQL_MODE */;
/*!40014 SET FOREIGN_KEY_CHECKS=@OLD_FOREIGN_KEY_CHECKS */;
/*!40014 SET UNIQUE_CHECKS=@OLD_UNIQUE_CHECKS */;
/*!40101 SET CHARACTER_SET_CLIENT=@OLD_CHARACTER_SET_CLIENT */;
/*!40101 SET CHARACTER_SET_RESULTS=@OLD_CHARACTER_SET_RESULTS */;
/*!40101 SET COLLATION_CONNECTION=@OLD_COLLATION_CONNECTION */;
/*!40111 SET SQL_NOTES=@OLD_SQL_NOTES */;

-- Dump completed on 2022-04-29  1:07:04
